Rank,Symbol,Name,Market Cap,Volume,V/C â€±,1d %,3d %,7d %,15d %,30d %,90d %,6mo %,1y %,2y %,3y %,4y %
1,NVDA,NVIDIA Corporation,4031970017280,166263471,0.41,0.75,3.7,3.87,13.86,21.12,31.39,19.87,167.55,808.09,1088.74,3543.59
2,MSFT,Microsoft Corporation,3727270346752,16435194,0.04,-0.4,0.76,0.82,4.9,8.85,26.55,21.04,25.99,77.83,119.29,284.38
3,AAPL,Apple Inc.,3191608967168,43770740,0.14,0.6,1.17,3.53,8.57,6.09,-12.05,-8.18,10.01,27.34,70.14,299.25
4,AMZN,"Amazon.com, Inc.",2359600873472,30140131,0.13,-0.13,-0.54,1.31,3.46,7.88,4.7,18.52,41.68,55.76,41.29,143.9
5,GOOG,Alphabet Inc.,2173921132544,24526738,0.11,0.59,0.64,0.74,0.83,2.84,4.01,9.0,19.56,48.99,72.72,192.5
5,GOOGL,Alphabet Inc.,2173500391424,28863927,0.13,0.57,0.47,0.79,0.95,2.85,4.56,9.4,20.16,49.28,72.67,190.57
6,META,"Meta Platforms, Inc.",1814696558592,9900362,0.05,-0.76,1.24,-1.47,4.3,13.31,9.02,26.36,87.16,310.02,176.03,288.79
7,AVGO,Broadcom Inc.,1295335686144,17792178,0.14,-0.9,0.44,-0.09,10.7,17.14,38.84,52.94,123.8,430.19,523.04,1025.76
8,TSLA,"Tesla, Inc.",1045268987904,103503743,0.99,4.73,5.42,-2.45,-2.05,-14.61,5.76,40.28,49.1,5.27,29.39,1798.79
9,BRK-B,Berkshire Hathaway Inc. New,1030289227776,4546885,0.04,-0.13,0.05,-1.54,-1.08,-6.07,-6.92,2.67,27.0,62.06,91.91,127.59
10,JPM,JP Morgan Chase & Co.,815133884416,8151536,0.1,1.78,-1.29,-0.11,7.44,9.16,10.09,30.5,74.79,163.17,115.42,187.69
11,WMT,Walmart Inc.,757022654464,15861149,0.21,-2.01,-4.52,-2.99,0.65,-2.79,-3.31,18.14,80.36,129.43,130.85,165.82
12,LLY,Eli Lilly and Company,713159213056,3128258,0.04,0.47,2.3,1.43,-0.07,9.02,-13.94,-13.32,26.06,166.43,300.38,666.41
13,V,Visa Inc.,691556712448,6115824,0.09,-0.53,-0.21,0.23,-0.55,-0.95,-1.72,23.2,32.45,71.67,69.45,109.99
14,ORCL,Oracle Corporation,660075053056,10497469,0.16,-0.13,1.39,7.72,13.12,45.45,42.33,34.86,108.99,215.6,278.64,386.24
15,NFLX,"Netflix, Inc.",532214841344,4224711,0.08,-2.93,-3.03,-6.61,2.45,3.22,27.54,81.86,129.52,412.31,127.12,318.82
16,MA,Mastercard Incorporated,510282563584,1831157,0.04,-0.28,-0.15,0.42,-0.91,-1.79,-1.93,10.17,29.56,62.34,59.33,110.96
17,XOM,Exxon Mobil Corporation,500224786432,14823593,0.3,0.99,3.44,6.61,0.82,11.02,4.18,-1.96,21.5,39.29,140.8,106.29
18,COST,Costco Wholesale Corporation,430248067072,2879226,0.07,-1.21,-2.22,-2.0,-0.77,-4.68,-7.36,10.0,42.49,87.07,207.59,263.92
19,JNJ,Johnson & Johnson,382836637696,5374760,0.14,0.9,1.56,3.23,3.48,2.9,-3.62,-1.74,4.05,1.17,11.84,43.01
20,PG,Procter & Gamble Company (The),373874753536,5709649,0.15,0.62,-1.25,-0.52,-0.02,-5.53,-8.26,-6.32,7.42,16.07,41.68,50.78
21,HD,"Home Depot, Inc. (The)",373669560320,2988056,0.08,0.61,1.54,1.82,7.03,1.41,-4.69,-8.57,11.52,29.36,59.23,86.41
22,BAC,Bank of America Corporation,354754068480,39320229,1.11,0.28,-3.47,-0.74,6.19,6.84,3.13,12.23,47.83,45.14,46.5,80.81
23,ABBV,AbbVie Inc.,352363053056,4671357,0.13,2.3,3.93,5.05,5.13,5.0,-5.85,5.35,24.21,53.55,112.68,248.83
24,PLTR,Palantir Technologies Inc.,334806581248,64017549,1.91,-0.44,2.43,4.53,3.11,15.49,67.8,239.29,750.75,1385.92,474.37,
25,KO,Coca-Cola Company (The),301561970688,12268505,0.41,0.42,-1.75,-1.39,0.22,-2.11,-0.6,2.03,23.83,19.93,60.15,53.52
26,PM,Philip Morris International Inc,286478237696,3776491,0.13,1.69,-0.12,-0.63,-0.6,1.74,18.47,54.82,112.57,113.51,166.41,245.12
27,CSCO,"Cisco Systems, Inc.",272289611776,14968875,0.55,-0.74,-0.25,-0.3,5.88,8.51,8.62,24.31,40.0,63.63,71.11,67.08
28,GE,GE Aerospace,271747645440,5459773,0.2,0.89,1.58,-1.73,7.29,4.62,22.43,31.77,145.99,433.54,294.48,455.84
29,UNH,UnitedHealth Group Incorporated,271697494016,10499729,0.39,-1.12,-1.38,-3.99,-3.03,2.25,-36.22,-46.28,-40.05,-41.56,-4.15,40.75
30,WFC,Wells Fargo & Company,269882179584,14325080,0.53,0.7,0.02,2.8,13.6,11.31,5.74,30.01,72.6,100.0,145.63,96.83
31,CVX,Chevron Corporation,269063651328,7463667,0.28,0.75,4.59,7.67,3.57,11.86,-1.62,5.42,13.56,11.62,80.2,60.63
32,IBM,International Business Machines,267136565248,3484437,0.13,-0.93,-1.72,-2.49,1.55,9.19,14.62,26.06,73.52,143.78,198.56,173.55
33,TMUS,"T-Mobile US, Inc.",259052912640,5527861,0.21,-1.79,-3.99,-4.24,3.03,-5.9,-15.09,3.89,43.92,61.67,89.5,191.94
34,CRM,"Salesforce, Inc.",252355313664,7232522,0.29,-2.57,-2.16,-3.2,0.62,-4.62,-11.09,-8.93,-3.83,41.18,22.41,74.25
35,AMD,"Advanced Micro Devices, Inc.",243451658240,60638390,2.49,4.15,6.94,1.59,13.42,25.84,44.36,-7.74,-19.14,45.54,66.87,365.18
36,AXP,American Express Company,233524576256,2163164,0.09,2.49,0.78,2.22,11.36,11.0,8.7,14.74,78.01,108.1,147.92,196.17
37,ABT,Abbott Laboratories,233105293312,4851720,0.21,0.29,-0.07,-1.77,1.0,0.5,-2.75,14.45,23.64,27.9,18.12,76.84
38,MS,Morgan Stanley,232059060224,5120282,0.22,1.09,-0.45,1.58,9.99,10.74,8.36,22.53,71.85,77.56,108.22,288.93
39,GS,"Goldman Sachs Group, Inc. (The)",221510664192,1732025,0.08,1.8,-0.25,0.19,13.52,15.74,14.52,36.06,93.34,120.6,138.63,277.0
40,LIN,Linde plc,221400317952,2237048,0.1,-0.2,0.16,0.25,2.05,0.83,1.36,-2.31,19.41,58.22,99.02,165.92
41,DIS,Walt Disney Company (The),220255780864,5408225,0.25,0.79,-1.3,-1.98,3.34,8.65,7.27,27.01,31.75,9.92,-36.62,-8.79
42,MCD,McDonald's Corporation,217268813824,4723400,0.22,1.83,1.66,2.13,2.08,-4.72,-2.11,-3.52,2.89,22.3,57.78,62.51
43,MRK,"Merck & Company, Inc.",211758120960,14717320,0.7,0.37,3.86,6.14,7.33,9.37,-7.21,-21.39,-26.03,2.84,39.99,27.57
44,INTU,Intuit Inc.,208624467968,1780841,0.09,-2.69,-4.43,-4.92,-2.09,-0.41,22.22,23.35,18.65,59.58,89.24,189.63
45,BX,Blackstone Inc.,205790314496,5575814,0.27,3.39,7.24,9.68,20.91,17.77,2.52,-1.32,41.67,65.55,167.91,274.51
46,TXN,Texas Instruments Incorporated,202570678272,3968995,0.2,1.51,2.93,5.8,11.11,19.88,13.03,13.28,34.96,30.31,39.39,99.46
47,UBER,"Uber Technologies, Inc.",201588801536,13327112,0.66,-0.25,-0.29,3.32,13.73,8.31,26.83,20.65,51.19,193.9,77.21,181.13
48,NOW,"ServiceNow, Inc.",200541782016,2001128,0.1,-4.5,-6.47,-5.84,-3.66,-5.77,4.12,5.56,26.81,87.54,73.97,266.63
49,T,AT&T Inc.,198884442112,25018132,1.26,-0.73,-1.81,-3.61,0.89,1.85,2.85,31.38,78.84,82.84,76.12,51.51
50,RTX,RTX Corporation,195877322752,4129658,0.21,0.15,0.33,0.26,-1.4,9.1,10.64,18.23,69.14,68.23,117.64,94.94
51,CAT,"Caterpillar, Inc.",194980429824,3382234,0.17,1.53,4.3,5.18,14.16,16.16,19.29,4.76,43.28,125.37,101.94,250.45
52,PEP,"Pepsico, Inc.",188796026880,8863084,0.47,1.19,1.21,3.06,5.25,4.72,-9.57,-19.87,-13.51,-15.16,19.21,18.92
53,ISRG,"Intuitive Surgical, Inc.",188545777664,1423486,0.08,-0.39,-1.62,-3.19,2.72,-4.39,-8.22,11.04,42.15,121.17,107.87,197.67
54,BKNG,Booking Holdings Inc. Common St,187739242496,169224,0.01,0.89,-1.67,-1.22,7.88,5.07,14.44,31.55,65.61,186.16,149.56,178.76
55,ACN,Accenture plc,179605880832,5194324,0.29,-3.04,-4.05,-3.52,-7.59,-8.58,-16.85,-22.43,-20.13,-4.66,19.0,61.35
56,VZ,Verizon Communications Inc.,177208983552,19323123,1.09,0.23,-0.21,-1.3,2.05,-1.82,0.69,0.72,12.22,14.67,-0.36,-1.79
57,QCOM,QUALCOMM Incorporated,174680817664,5666535,0.32,-0.16,0.63,-0.11,3.0,7.68,2.38,-5.46,6.29,15.99,25.66,130.23
58,BLK,"BlackRock, Inc.",173449576448,467412,0.03,1.41,2.61,5.22,13.92,13.1,14.13,11.87,45.42,64.43,71.42,189.87
59,BA,Boeing Company (The),170473209856,6080237,0.36,-0.23,3.41,7.9,12.9,12.47,29.47,45.57,5.59,33.77,0.76,-40.46
60,SCHW,Charles Schwab Corporation (The,170369269760,6740521,0.4,0.78,0.48,1.97,4.59,4.98,17.36,30.68,49.71,39.0,53.56,134.2
61,TMO,Thermo Fisher Scientific Inc,166799769600,2931783,0.18,2.58,2.87,6.23,10.37,6.85,-18.42,-27.93,-19.87,-26.68,-5.19,49.3
62,C,"Citigroup, Inc.",165088018432,7603734,0.46,1.5,-0.59,2.3,12.56,15.38,9.79,39.39,72.13,82.4,46.59,55.04
63,AMGN,Amgen Inc.,163607937024,1904578,0.12,1.3,2.53,7.58,3.56,7.49,-1.63,-4.17,3.01,31.06,51.4,82.1
64,SPGI,S&P Global Inc.,162827878400,703283,0.04,0.21,-0.07,0.48,5.74,2.73,-0.55,2.65,20.19,38.25,62.65,117.11
65,AMAT,"Applied Materials, Inc.",161065910272,5227696,0.32,1.35,3.8,8.17,13.75,22.37,25.64,8.88,15.2,93.69,68.02,308.77
66,ADBE,Adobe Inc.,157560602624,3992375,0.25,-0.52,-1.46,-3.99,-2.94,-10.09,-15.31,-25.24,-38.76,-15.28,-20.9,30.47
67,NEE,"NextEra Energy, Inc.",155721433088,5671503,0.36,1.34,-0.15,7.52,3.87,10.59,7.23,-8.84,36.95,-9.69,9.56,54.41
68,BSX,Boston Scientific Corporation,154998587392,7220180,0.47,0.87,0.03,-3.31,2.09,-2.18,0.07,20.18,73.33,148.11,166.99,145.42
69,HON,Honeywell International Inc.,152303976448,2263476,0.15,-0.82,-1.08,1.67,6.75,4.55,11.79,9.51,22.26,27.89,25.18,60.19
70,SYK,Stryker Corporation,151913807872,1167734,0.08,0.69,0.58,-0.22,5.96,3.08,2.68,10.49,30.04,85.73,68.3,92.76
71,DHR,Danaher Corporation,150407217152,3088099,0.21,2.26,2.95,4.03,5.15,8.8,-0.77,-24.12,-9.44,-19.27,4.67,67.03
72,GEV,GE Vernova Inc.,148196704256,2505112,0.17,0.67,1.71,1.93,10.38,14.39,61.04,98.59,,,,
73,PFE,"Pfizer, Inc.",147830259712,32354958,2.19,0.86,2.14,6.35,7.42,9.19,-0.6,-7.34,0.03,-40.18,-6.67,-3.55
74,PGR,Progressive Corporation (The),146192547840,4289669,0.29,-0.41,-1.64,-6.51,-6.13,-10.5,-11.5,1.21,42.81,112.55,199.27,285.46
75,GILD,"Gilead Sciences, Inc.",144115384320,6096671,0.42,1.15,2.47,3.31,6.06,5.74,1.62,34.09,52.03,102.82,119.21,117.35
76,DE,Deere & Company,143338143744,1268719,0.09,1.94,1.75,2.11,-0.44,2.2,8.71,29.5,36.59,53.53,53.09,244.44
77,COF,Capital One Financial Corporati,142947926016,2873864,0.2,1.24,1.2,3.75,13.83,14.94,10.42,39.48,72.22,106.11,92.92,160.17
78,UNP,Union Pacific Corporation,141907083264,2630094,0.19,0.22,0.7,3.01,7.44,6.28,-3.35,-0.24,1.12,7.82,24.62,61.15
79,ETN,"Eaton Corporation, PLC",139944542208,2809403,0.2,-0.59,-0.24,0.18,8.21,8.98,22.8,3.65,50.95,151.25,188.27,363.52
80,MU,"Micron Technology, Inc.",138756063232,15133563,1.09,0.71,2.66,-0.02,2.4,27.85,31.78,10.26,40.68,104.1,33.02,147.93
81,TJX,"TJX Companies, Inc. (The)",138515382272,5051083,0.36,-1.03,-0.81,0.54,0.93,-2.97,-0.16,6.68,33.41,104.95,96.88,139.62
82,KKR,KKR & Co. Inc.,135992344576,3762662,0.28,2.75,5.54,7.53,18.16,18.3,5.67,4.21,73.21,164.55,221.02,432.91
83,ANET,"Arista Networks, Inc.",133504483328,8217816,0.62,0.01,4.75,3.89,18.52,14.92,14.23,4.36,61.98,233.54,490.62,595.7
84,CMCSA,Comcast Corporation,131913285632,15127338,1.15,-0.56,-0.06,0.15,3.52,2.27,0.53,-13.87,-15.03,-0.13,-26.32,-11.3
85,LRCX,Lam Research Corporation,130886844416,6568086,0.5,1.25,2.98,3.82,9.34,20.7,32.42,39.36,20.4,107.07,71.88,343.32
86,LOW,"Lowe's Companies, Inc.",129054269440,2417016,0.19,1.04,1.3,2.72,7.55,0.93,-7.85,-17.85,10.81,19.49,52.2,124.4
87,PANW,"Palo Alto Networks, Inc.",128072278016,9204021,0.72,-6.79,-4.64,-6.14,-4.94,2.46,0.86,2.12,12.9,120.84,213.68,441.83
88,ADP,"Automatic Data Processing, Inc.",124139380736,1421523,0.11,-0.84,-0.84,-0.84,-0.59,-5.64,-1.97,6.38,32.43,29.09,88.93,117.45
89,KLAC,KLA Corporation,123525963776,798125,0.06,0.59,1.75,3.67,3.99,17.69,31.32,39.58,47.43,156.14,198.66,554.47
90,VRTX,Vertex Pharmaceuticals Incorpor,123287158784,906820,0.07,0.12,4.38,7.71,8.49,7.52,-0.05,-3.85,12.16,62.13,127.94,172.46
91,ADI,"Analog Devices, Inc.",122853277696,2427546,0.2,0.99,1.37,2.99,7.78,13.54,7.5,9.25,26.83,47.75,66.7,136.18
92,COP,ConocoPhillips,121466093568,4064952,0.33,0.89,3.05,6.27,-0.14,11.48,-2.99,-8.02,-9.11,10.82,111.34,92.09
93,CRWD,"CrowdStrike Holdings, Inc.",121411190784,4041969,0.33,-5.14,-3.63,-4.36,-1.0,3.15,25.01,56.96,62.22,142.58,118.04,585.68
94,APH,Amphenol Corporation,119036690432,5315566,0.45,0.1,-0.24,-0.45,5.94,11.5,48.26,46.51,97.84,158.2,215.82,337.21
95,MDT,Medtronic plc.,115059589120,7922428,0.69,0.45,1.97,2.56,3.75,10.13,-2.08,1.22,9.99,4.03,-13.92,-4.09
96,CB,Chubb Limited,112642703360,1675236,0.15,0.19,0.2,-3.17,-1.15,-3.17,-1.42,-6.47,18.05,52.62,79.29,94.52
97,NKE,"Nike, Inc.",111725551616,13027636,1.17,1.44,-2.5,5.04,24.37,19.55,-4.95,-9.02,-23.79,-30.84,-42.57,-8.47
98,LMT,Lockheed Martin Corporation,109079420928,1078404,0.1,0.27,-1.01,0.25,-3.14,-1.96,4.57,-22.26,11.96,16.93,56.19,37.47
99,SBUX,Starbucks Corporation,108128460800,6899420,0.64,-0.1,1.61,3.84,3.89,9.36,-17.26,1.75,7.4,18.03,-2.14,18.72
100,MMC,"Marsh & McLennan Companies, Inc",106060300288,2134047,0.2,0.25,0.73,-1.8,-0.61,-7.26,-9.42,-4.71,10.03,31.65,94.25,130.9
101,INTC,Intel Corporation,105587384320,54226083,5.14,1.62,8.27,6.34,14.52,15.91,0.38,6.15,-50.83,-29.22,-58.35,-47.73
102,ICE,Intercontinental Exchange Inc.,104296677376,1894313,0.18,-0.19,-0.69,-0.9,0.46,2.11,5.54,11.25,45.69,78.54,69.46,109.96
103,SO,Southern Company (The),104054849536,6686762,0.64,1.41,1.75,1.56,5.47,3.71,4.74,3.16,44.18,33.29,89.89,93.0
104,AMT,American Tower Corporation (REI,103463174144,1459187,0.14,-0.37,0.45,-0.0,2.73,4.23,9.22,1.08,18.01,-12.29,17.54,16.71
105,COIN,"Coinbase Global, Inc.",103074013184,16635173,1.61,4.04,8.92,10.98,53.22,46.01,80.39,90.48,220.55,313.17,,
106,PLD,"Prologis, Inc.",102506430464,3960742,0.39,1.9,1.96,3.13,3.16,2.65,-10.89,-9.22,-9.11,-11.64,23.35,47.42
107,BMY,Bristol-Myers Squibb Company,100523737088,13707662,1.36,1.8,4.37,6.2,4.09,4.84,-16.65,-5.53,3.85,-26.42,-6.4,21.52
108,WELL,Welltower Inc.,100179738624,2223966,0.22,0.31,-0.98,-0.66,0.56,0.16,-0.05,18.46,81.05,98.46,150.48,105.27
109,MO,"Altria Group, Inc.",99991101440,14301814,1.43,1.39,-2.82,-0.14,-0.75,-0.09,8.57,24.28,64.91,67.59,87.56,124.69
110,CME,CME Group Inc.,99166371840,1602013,0.16,-0.16,-2.6,-0.16,2.04,-2.78,9.48,25.91,42.34,59.47,57.14,61.03
111,CEG,Constellation Energy Corporatio,98293833728,1720249,0.18,-1.1,-1.45,-2.83,2.59,1.48,25.58,16.2,173.9,317.2,,
112,DASH,"DoorDash, Inc.",97744396288,3043637,0.31,-3.18,-3.5,-3.35,8.59,16.28,20.06,57.36,122.4,195.58,41.06,
113,TT,Trane Technologies plc,97113546752,1051158,0.11,0.21,-0.02,-0.66,2.98,-0.4,23.19,9.11,75.27,185.35,190.87,388.49
114,RCL,Royal Caribbean Cruises Ltd.,94864629760,1750102,0.18,2.34,3.8,9.01,30.11,33.96,39.58,71.12,175.02,728.02,277.8,209.52
115,FI,"Fiserv, Inc.",94087446528,3657100,0.39,-0.73,-2.08,-1.57,3.83,5.97,-28.0,-13.3,21.21,59.28,45.44,61.9
116,DUK,Duke Energy Corporation (Holdin,92632399872,2072651,0.22,0.85,0.75,0.14,2.94,1.54,1.49,0.76,32.5,21.17,60.66,58.79
117,PH,Parker-Hannifin Corporation,92137553920,442369,0.05,0.95,1.09,2.27,9.52,6.47,7.15,12.48,56.15,148.3,154.64,334.06
118,MCO,Moody's Corporation,91632418816,455294,0.05,0.7,0.67,0.82,7.32,5.09,0.55,4.62,31.22,60.9,85.55,143.32
119,HCA,"HCA Healthcare, Inc.",91013955584,1584425,0.17,-0.03,-0.17,-1.25,1.58,0.06,24.03,-6.34,37.27,79.18,124.41,217.7
120,WM,"Waste Management, Inc.",90803363840,1362244,0.15,-0.04,-0.56,-1.39,-3.69,-4.87,-2.37,7.02,25.43,39.02,115.39,117.84
121,SNPS,"Synopsys, Inc.",90280689664,1766827,0.2,2.77,5.53,10.44,19.1,10.63,23.82,12.19,4.76,50.7,122.76,314.18
122,MCK,McKesson Corporation,89248899072,546978,0.06,-1.74,-2.83,-2.49,-1.36,-0.71,11.84,40.91,48.33,101.79,321.72,417.83
123,SHW,Sherwin-Williams Company (The),88241422336,1216367,0.14,0.08,1.6,2.47,6.28,-2.08,-2.46,-9.01,18.36,48.37,57.94,106.58
124,CDNS,"Cadence Design Systems, Inc.",88099725312,1395413,0.16,-0.08,0.74,4.71,7.91,-0.13,28.81,22.67,9.41,73.16,118.84,379.08
125,UPS,"United Parcel Service, Inc.",87809384448,3645025,0.42,0.75,2.05,1.96,3.26,5.5,-12.11,-20.67,-28.96,-41.88,-24.89,3.84
126,DELL,Dell Technologies Inc.,87709294592,4291225,0.49,1.01,2.52,4.33,10.33,12.21,25.27,0.41,56.09,188.9,228.8,407.33
127,CTAS,Cintas Corporation,87444111360,955282,0.11,-0.04,-0.45,-2.83,-2.15,-4.13,4.56,1.84,46.28,104.11,156.85,257.85
128,MDLZ,"Mondelez International, Inc.",87337304064,7359349,0.84,0.45,-2.43,-0.43,1.91,1.07,6.01,-3.5,-5.42,12.37,39.5,41.43
129,TDG,Transdigm Group Incorporated,87212376064,217492,0.02,0.86,1.0,1.24,8.01,5.9,12.6,9.81,53.35,160.21,190.37,248.71
130,APO,"Apollo Global Management, Inc. ",85602246656,3078651,0.36,1.06,4.72,4.47,11.97,11.29,-0.36,3.03,54.35,161.47,223.24,331.5
131,MMM,3M Company,85394087936,4043232,0.47,0.86,3.61,3.34,10.63,5.24,1.91,17.71,110.85,42.65,26.06,39.57
132,ABNB,"Airbnb, Inc.",84650795008,4925842,0.58,0.11,0.0,3.52,2.72,5.87,-1.35,0.72,-2.97,15.39,-30.25,
133,CVS,CVS Health Corporation,83010617344,5098051,0.61,-1.56,-1.59,-4.87,-2.19,6.98,0.88,6.62,-6.57,-30.19,8.55,23.98
134,CI,The Cigna Group,82488418304,989317,0.12,-0.32,-1.55,-6.59,-1.19,-1.59,0.95,-11.33,4.08,13.24,55.36,106.82
135,GD,General Dynamics Corporation,82354323456,1180424,0.14,1.14,2.96,4.55,8.4,9.21,21.39,0.01,19.77,40.46,100.75,82.8
136,AJG,Arthur J. Gallagher & Co.,80293093376,948805,0.12,-0.53,-0.79,-2.04,-0.81,-8.33,-6.79,8.48,32.85,74.01,169.1,275.16
137,EMR,Emerson Electric Company,79619366912,2237561,0.28,0.62,1.64,5.51,10.44,16.29,16.18,28.99,53.16,71.08,73.98,147.28
138,PNC,"PNC Financial Services Group, I",79025004544,2290012,0.29,0.92,0.87,6.18,14.29,12.32,4.22,6.81,38.04,30.81,33.63,75.67
139,ORLY,"O'Reilly Automotive, Inc.",78970298368,4634249,0.59,-0.22,-0.31,2.5,4.03,1.79,0.88,15.07,36.06,92.5,207.09,253.88
140,MAR,Marriott International,78182137856,1440179,0.18,1.11,1.4,3.33,10.19,6.09,0.92,7.46,20.44,80.32,96.19,124.8
141,ELV,"Elevance Health, Inc.",78141882368,2218297,0.28,-0.14,-0.29,-11.08,-7.82,-7.61,-12.1,-21.17,-25.36,-25.23,17.58,44.67
142,AON,Aon plc,77974085632,1116727,0.14,0.58,1.63,0.63,2.33,-1.66,-12.25,0.25,19.06,22.75,58.95,92.61
143,ITW,Illinois Tool Works Inc.,77598793728,1097742,0.14,0.91,2.93,6.01,9.34,6.9,0.51,2.39,4.97,31.71,40.77,91.73
144,FTNT,"Fortinet, Inc.",76694683648,5860808,0.76,-6.92,-6.05,-5.22,-2.6,-4.33,-7.23,23.92,51.57,85.93,189.16,530.59
145,CMG,"Chipotle Mexican Grill, Inc.",76643139584,10335068,1.35,0.84,1.71,0.46,9.79,10.63,4.52,-4.16,20.8,70.08,89.94,241.57
146,ECL,Ecolab Inc.,75638431744,953739,0.13,-0.53,-1.84,-0.98,2.09,0.74,-0.33,4.57,37.71,61.68,32.71,45.61
147,RSG,"Republic Services, Inc.",75027398656,1561162,0.21,-0.17,-0.99,-2.41,-3.34,-5.59,1.78,17.66,44.08,74.37,180.81,206.34
148,NOC,Northrop Grumman Corporation,74823581696,623872,0.08,1.17,1.17,2.78,1.96,8.59,12.32,-1.35,13.68,14.07,87.73,50.88
149,USB,U.S. Bancorp,74538377216,8606254,1.15,0.57,-0.44,5.13,12.66,9.96,3.78,-1.58,19.87,14.91,12.89,9.6
150,PYPL,"PayPal Holdings, Inc.",74476683264,6311190,0.85,1.16,-0.63,1.86,7.12,5.9,6.54,-5.16,20.12,-23.47,-72.33,-29.58
151,EQIX,"Equinix, Inc.",74233864192,739976,0.1,-0.76,-2.35,-4.6,-14.42,-13.45,-15.66,-13.31,-1.6,13.54,26.8,50.62
152,CL,Colgate-Palmolive Company,73440256000,4531757,0.62,-1.05,-2.9,-0.31,2.25,-1.96,-0.05,-8.38,16.27,20.39,32.41,48.45
153,HWM,Howmet Aerospace Inc.,72067915776,2298469,0.32,-1.59,-0.95,-4.08,3.72,5.21,30.78,68.45,218.3,375.35,524.34,564.21
154,ZTS,Zoetis Inc.,70935805952,3490625,0.49,0.33,1.11,1.83,-1.78,-4.49,-4.73,-16.13,-13.45,-6.23,4.46,35.7
155,WMB,"Williams Companies, Inc. (The)",70549962752,7391204,1.05,-0.12,-1.2,-8.01,-1.23,-3.05,1.05,15.05,80.5,101.64,208.15,221.06
156,FCX,"Freeport-McMoRan, Inc.",70212124672,18636880,2.65,3.55,4.61,8.9,14.12,19.1,28.48,-0.73,20.92,56.61,43.54,385.73
157,JCI,Johnson Controls International ,69970132992,4247343,0.61,-0.16,0.33,0.67,2.4,5.26,24.69,38.9,98.18,104.17,103.88,175.07
158,MSI,"Motorola Solutions, Inc.",69724151808,701891,0.1,-0.04,-2.03,-0.65,2.78,-0.38,-4.61,-11.87,29.18,70.9,141.95,167.02
159,NEM,Newmont Corporation,67701444608,7207819,1.06,1.75,-0.63,2.61,2.15,13.41,41.03,7.57,79.8,44.43,27.3,79.44
160,BK,The Bank of New York Mellon Cor,67446820864,3480599,0.52,0.66,0.44,2.8,4.33,3.8,5.95,22.63,76.23,131.82,143.31,140.26
161,HLT,Hilton Worldwide Holdings Inc.,67154878464,1349406,0.2,1.82,2.45,4.18,12.35,9.64,4.79,16.56,48.52,109.73,126.77,196.75
162,EOG,"EOG Resources, Inc.",66438656000,2703451,0.41,-0.13,1.77,1.77,-2.33,9.44,-3.23,-2.61,12.7,26.3,132.78,93.95
163,VST,Vistra Corp.,66434416640,4051490,0.61,-0.62,1.07,1.02,10.28,19.63,46.92,54.54,405.6,722.81,1147.35,743.85
164,CARR,Carrier Global Corporation,66247442432,3461635,0.52,1.16,2.85,4.89,10.02,6.14,18.86,-4.86,41.81,86.33,118.68,
165,APD,"Air Products and Chemicals, Inc",65450192896,981640,0.15,-0.05,1.76,4.93,6.83,7.8,-5.81,-8.87,18.88,19.43,25.7,52.98
166,CSX,CSX Corporation,63403347968,9613078,1.52,0.63,1.48,2.79,4.42,7.16,5.22,2.53,-0.32,2.72,14.58,52.55
167,AZO,"AutoZone, Inc.",62372622336,164128,0.03,-0.37,-1.64,0.44,3.44,0.89,6.74,18.06,35.5,67.7,218.84,222.53
168,SPG,"Simon Property Group, Inc.",61840162816,1061410,0.17,0.32,-0.96,1.67,4.02,3.36,-9.91,-2.73,24.57,73.97,82.72,46.7
169,KMI,"Kinder Morgan, Inc.",61770776576,11758292,1.9,-0.04,-1.91,-5.48,1.16,-1.42,3.66,15.73,77.94,79.57,137.57,90.45
170,REGN,"Regeneron Pharmaceuticals, Inc.",61219831808,827334,0.14,1.3,4.02,6.62,10.0,-7.21,-19.77,-43.77,-40.81,-12.5,21.22,94.82
171,ADSK,"Autodesk, Inc.",61211799552,4695972,0.77,-6.89,-9.26,-7.58,-3.62,-4.74,4.34,-1.53,13.24,26.42,0.65,86.18
172,TFC,Truist Financial Corporation,60032696320,6821493,1.14,0.75,0.75,5.84,16.58,13.66,-0.53,9.8,30.75,5.05,-5.28,12.06
173,NSC,Norfolk Southern Corporation,60030398464,902926,0.15,1.19,1.21,2.8,5.08,7.5,7.73,7.81,14.84,8.99,11.7,63.93
174,NXPI,NXP Semiconductors N.V.,59618754560,1947543,0.33,1.2,3.18,6.73,10.08,17.79,9.2,1.82,8.0,37.24,34.63,137.82
175,ROP,"Roper Technologies, Inc.",59111747584,944573,0.16,-1.58,-2.72,-2.86,-2.13,-4.05,-5.67,-2.03,1.24,27.56,46.54,57.39
176,WDAY,"Workday, Inc.",58363727872,4110233,0.7,-4.53,-4.94,-4.46,-5.52,-4.18,-12.93,-5.74,-22.4,33.84,-9.3,30.98
177,DLR,"Digital Realty Trust, Inc.",58259320832,987665,0.17,-0.41,-0.68,-2.21,-3.17,0.58,10.74,6.45,29.44,43.52,50.17,62.56
178,TRV,"The Travelers Companies, Inc.",58151460864,1242487,0.21,0.26,-1.16,-4.32,-3.18,-6.83,-0.15,-2.13,24.56,64.65,86.71,97.11
179,FDX,FedEx Corporation,57736372224,1690704,0.29,0.94,1.55,5.02,7.97,9.33,-8.11,-11.48,-1.28,9.62,-0.87,52.81
180,MNST,Monster Beverage Corporation,57705304064,5355299,0.93,-0.67,-5.86,-5.54,-5.75,-7.89,8.27,10.72,7.45,31.75,35.17,104.07
181,COR,"Cencora, Inc.",57627459584,1073427,0.19,-0.95,-1.71,-0.84,1.41,1.34,17.49,26.99,38.57,110.53,202.26,284.95
182,AEP,American Electric Power Company,57349087232,2482735,0.43,1.24,1.8,2.2,4.35,3.04,0.88,8.06,45.97,16.5,61.87,40.63
183,AXON,"Axon Enterprise, Inc.",57063858176,1213816,0.21,-9.04,-8.62,-11.47,-5.73,-1.75,38.71,68.71,191.75,481.42,332.06,1008.07
184,MPC,Marathon Petroleum Corporation,56926720000,3765747,0.66,1.67,3.29,9.72,7.16,12.28,22.05,17.12,21.28,104.77,262.2,310.48
185,PSX,Phillips 66,56383328256,2711673,0.48,2.97,6.32,12.65,7.91,17.55,4.62,3.58,5.78,75.18,87.27,66.65
186,PWR,"Quanta Services, Inc.",56328962048,972128,0.17,-0.53,-1.48,0.56,6.01,11.05,46.49,21.5,97.04,172.32,347.25,909.88
187,AFL,AFLAC Incorporated,55497945088,2123918,0.38,0.36,-0.58,-3.02,0.19,-1.09,-6.05,-9.66,24.29,77.38,131.69,123.91
188,CHTR,"Charter Communications, Inc.",54867070976,899843,0.16,-0.49,-1.65,-1.77,7.48,-2.32,10.45,22.61,8.13,-13.21,-35.2,-5.54
189,URI,"United Rentals, Inc.",54326136832,581571,0.11,1.96,4.57,8.81,17.95,14.24,27.94,-1.81,44.08,157.04,178.68,564.29
190,MET,"MetLife, Inc.",52697006080,2788920,0.53,0.17,-1.02,-2.55,0.67,-0.84,-8.39,-6.63,17.58,29.4,50.13,101.01
191,TEL,TE Connectivity plc,52619964416,1723100,0.33,1.38,2.27,3.77,6.95,8.47,14.13,19.9,25.03,37.42,39.96,104.53
192,NDAQ,"Nasdaq, Inc.",52611969024,3096867,0.59,1.0,0.2,1.47,5.56,9.57,10.31,23.53,59.12,52.29,104.17,187.93
193,PAYX,"Paychex, Inc.",52384256000,2792846,0.53,-0.43,-0.25,-0.1,-4.73,-8.59,-3.51,4.2,24.54,18.56,76.1,107.51
194,PCAR,PACCAR Inc.,52376850432,2419885,0.46,0.56,2.67,4.38,8.91,4.48,-7.16,-4.24,3.04,81.25,87.01,162.44
195,AMP,"Ameriprise Financial, Inc.",51950374912,407723,0.08,0.56,1.14,1.65,7.06,4.83,1.3,4.99,42.07,101.02,152.76,311.7
196,ALL,Allstate Corporation (The),51711483904,1379237,0.27,0.3,0.07,-3.29,-1.77,-5.61,-1.28,1.0,27.5,69.31,98.73,107.32
197,GM,General Motors Company,51664031744,6395647,1.24,1.1,2.57,8.01,10.09,8.62,8.8,8.5,55.65,44.49,4.37,46.51
198,BDX,"Becton, Dickinson and Company",51452633088,3014057,0.59,1.14,2.63,3.05,4.45,2.33,-20.46,-25.01,-22.23,-27.87,-20.72,-23.18
199,O,Realty Income Corporation,51421396992,5410633,1.05,0.02,-1.04,-0.72,-0.58,2.33,2.19,-7.15,12.65,-10.13,20.55,2.78
200,CTVA,"Corteva, Inc.",51046780928,4417569,0.87,-1.8,-2.29,0.4,0.84,6.53,19.42,27.94,67.55,28.73,69.57,178.09
201,PSA,Public Storage,50671493120,920331,0.18,-0.05,-1.07,-1.56,-1.64,-2.79,-2.95,-13.88,6.13,-6.4,51.08,46.6
202,OKE,"ONEOK, Inc.",50538979328,2192792,0.43,-0.31,0.92,-0.88,-0.55,-1.02,-18.39,-13.25,26.24,50.25,116.86,56.1
203,D,"Dominion Energy, Inc.",50474856448,3655047,0.72,1.77,3.05,2.9,8.16,3.76,3.96,0.84,41.8,-18.03,1.29,-5.51
204,GWW,"W.W. Grainger, Inc.",50463113216,405530,0.08,0.25,1.35,0.73,0.23,-3.85,2.83,-5.84,21.74,90.24,182.96,286.53
205,VLO,Valero Energy Corporation,50354425856,3761338,0.75,3.85,7.7,15.17,9.2,18.44,19.42,16.06,24.45,50.77,131.77,133.28
206,FAST,Fastenal Company,50158030848,6059228,1.21,0.37,2.57,3.71,4.84,4.61,15.66,14.72,33.14,78.33,108.01,228.74
207,SLB,Schlumberger N.V.,50059137024,9880557,1.97,1.1,4.86,8.43,1.58,8.93,-11.28,-14.86,-26.16,12.27,39.18,10.38
208,SRE,DBA Sempra,49116426240,2638013,0.54,0.55,0.69,-1.15,1.98,-4.26,6.53,-10.21,12.2,0.87,46.87,27.21
209,LHX,"L3Harris Technologies, Inc.",48821555200,1157341,0.24,0.41,1.43,3.69,3.68,5.44,27.52,6.36,31.31,18.29,54.65,36.15
210,TGT,Target Corporation,48663564288,4127075,0.85,2.26,3.09,6.17,10.23,7.99,-14.73,-30.97,-20.97,-32.22,-37.05,12.47
211,F,Ford Motor Company,47680970752,58736464,12.32,0.68,2.76,9.77,14.3,15.52,26.53,14.26,21.05,-3.82,27.81,70.56
212,CMI,Cummins Inc.,47600799744,985532,0.21,1.62,3.72,3.83,8.01,4.22,-7.12,3.7,49.13,65.19,43.82,141.66
213,AIG,"American International Group, I",47524171776,3287067,0.69,-0.73,-0.69,-3.66,-2.09,-0.33,0.43,5.76,23.01,60.5,101.72,68.04
214,HES,Hess Corporation,47383109632,2836329,0.6,0.77,6.08,9.74,5.36,15.08,2.79,10.17,10.62,46.84,145.95,144.21
215,EW,Edwards Lifesciences Corporatio,47188201472,3609027,0.76,2.09,2.75,0.75,7.55,3.38,10.03,15.09,8.63,-24.13,-8.13,7.74
216,KR,Kroger Company (The),47049728000,5560372,1.18,0.64,-1.04,-1.42,7.22,4.25,9.62,26.97,58.51,61.69,135.43,211.83
217,CPRT,"Copart, Inc.",46744182784,7685666,1.64,0.73,-1.72,-2.2,-0.02,-9.14,-12.43,-10.62,-1.36,49.1,74.8,130.06
218,KDP,Keurig Dr Pepper Inc.,45703094272,13096315,2.87,0.0,-0.38,1.78,3.09,3.09,1.77,-5.85,12.52,-8.44,21.3,39.01
219,CCI,Crown Castle Inc.,45519835136,2712372,0.6,0.54,2.08,1.21,5.22,4.51,13.54,-2.85,7.4,-32.78,-16.68,-6.45
220,OXY,Occidental Petroleum Corporatio,45399748608,6420467,1.41,0.61,5.77,9.14,-0.28,10.78,-5.12,-9.99,-17.83,-23.88,74.09,12.31
221,MSCI,MSCI Inc.,44926533632,332325,0.07,-0.2,-1.25,0.68,5.85,2.48,-1.36,-3.29,5.85,17.26,44.34,155.7
222,GLW,Corning Incorporated,44759171072,4344955,0.97,-0.59,-0.23,-0.63,3.53,5.28,4.79,14.3,79.16,55.64,49.85,118.97
223,EXC,Exelon Corporation,44546232320,4368656,0.98,1.14,1.07,0.48,2.93,-0.64,-0.41,10.07,35.8,7.02,82.52,58.79
224,KMB,Kimberly-Clark Corporation,43936313344,1958898,0.45,0.35,0.23,2.35,2.34,-6.76,-5.37,-7.2,18.0,8.49,20.74,21.93
225,IDXX,"IDEXX Laboratories, Inc.",43551739904,282016,0.06,0.08,-0.82,0.89,3.94,4.76,23.79,17.63,4.01,35.17,0.54,99.03
226,DHI,"D.R. Horton, Inc.",43263631360,6947723,1.61,0.87,6.6,8.3,16.43,14.93,10.45,-26.26,1.74,82.81,87.47,198.13
227,TTWO,"Take-Two Interactive Software, ",43038801920,2471176,0.57,-2.85,-2.97,-3.1,-0.92,4.0,11.02,52.03,41.85,90.1,25.54,79.76
228,ROST,"Ross Stores, Inc.",42800513024,3142867,0.73,-0.27,0.07,2.57,1.4,-7.12,-6.17,-11.54,-4.16,57.07,14.2,28.0
229,YUM,"Yum! Brands, Inc.",42768912384,1250070,0.29,0.99,1.32,2.81,8.83,5.73,-2.09,15.58,21.2,35.39,57.73,50.31
230,CBRE,CBRE Group Inc,42535137280,923038,0.22,1.04,-0.93,0.78,6.77,13.96,-0.51,13.03,64.48,65.58,82.09,161.99
231,VRSK,"Verisk Analytics, Inc.",42370863104,724673,0.17,-0.27,-1.71,-2.76,-1.41,-4.06,2.32,13.83,24.92,52.64,86.51,97.96
232,FIS,Fidelity National Information S,42252517376,2700184,0.64,0.25,-0.77,-1.46,-0.27,0.82,13.99,-9.46,35.24,-13.23,-36.55,-33.28
233,GRMN,Garmin Ltd.,42068721664,768268,0.18,0.32,1.57,4.35,10.12,5.98,-4.52,31.72,77.75,136.12,86.88,190.36
234,FANG,"Diamondback Energy, Inc.",42056400896,1792283,0.43,0.64,3.71,4.1,-6.47,4.03,-8.76,-20.76,-1.11,31.61,136.5,80.12
235,AME,"AMETEK, Inc.",41890689024,1152411,0.28,-0.46,-0.51,0.27,3.36,0.52,-3.81,7.46,12.59,45.65,52.8,108.61
236,DAL,"Delta Air Lines, Inc.",41520713728,45140890,10.87,11.99,13.56,15.45,19.99,14.94,-5.28,3.3,51.09,70.89,20.65,-0.93
237,PEG,Public Service Enterprise Group,41294192640,1791843,0.43,0.72,-0.16,-2.4,1.38,4.03,2.87,-6.3,51.23,36.68,73.57,63.38
238,MCHP,Microchip Technology Incorporat,40735780864,7550178,1.85,0.54,5.04,6.69,10.92,27.95,28.54,0.23,-13.91,13.43,3.12,77.45
239,KVUE,Kenvue Inc.,40474132480,12723641,3.14,0.77,0.1,-0.05,-2.43,-12.58,-10.58,0.22,8.48,,,
240,XEL,Xcel Energy Inc.,39834271744,2309985,0.58,0.9,0.84,0.51,4.27,-1.13,-3.47,10.95,24.13,0.85,33.54,28.02
241,CCL,Carnival Corporation,39825678336,19261227,4.84,0.94,-0.72,3.49,25.0,23.31,21.6,35.92,80.97,181.43,10.6,-39.68
242,BKR,Baker Hughes Company,39722704896,6478768,1.63,0.97,1.59,3.57,0.28,6.66,-10.38,9.49,37.13,74.48,77.38,100.95
243,OTIS,Otis Worldwide Corporation,39698112512,1590257,0.4,0.62,0.18,0.95,4.83,2.96,0.61,-3.82,16.36,31.13,63.91,
244,ROK,"Rockwell Automation, Inc.",39417438208,807119,0.2,1.38,1.78,3.85,7.66,10.18,20.64,28.22,18.02,43.5,47.83,133.15
245,CAH,"Cardinal Health, Inc.",38706245632,2223606,0.57,-1.27,-3.26,-3.18,-1.36,5.16,26.09,46.49,59.36,174.89,244.9,299.74
246,FICO,Fair Isaac Corporation,38566502400,566030,0.15,-0.46,-15.27,-13.33,-10.84,5.37,-16.01,-22.29,24.21,216.17,235.71,395.96
247,RMD,ResMed Inc.,38149197824,637776,0.17,0.82,0.65,0.03,3.19,4.81,10.75,8.42,52.31,8.88,36.8,102.46
248,PRU,"Prudential Financial, Inc.",38127505408,1262765,0.33,0.52,0.66,-0.27,3.64,2.5,-5.73,-13.19,9.56,22.0,47.86,61.86
249,SYY,Sysco Corporation,38104743936,2435047,0.64,1.48,0.98,2.99,5.05,7.92,3.96,4.89,7.6,2.81,7.52,15.81
250,EA,Electronic Arts Inc.,38017454080,1613043,0.42,-0.9,-1.45,-5.26,0.65,3.12,17.33,5.33,10.62,17.34,12.98,57.79
251,CTSH,Cognizant Technology Solutions ,37823442944,4751196,1.26,-4.03,-4.64,-1.67,-3.74,-4.85,-7.57,-0.19,2.06,16.73,9.47,30.55
252,TRGP,"Targa Resources, Inc.",37049729024,1128166,0.3,0.03,-1.0,-1.92,0.64,5.75,-14.88,6.91,109.85,168.53,478.92,381.98
253,CSGP,"CoStar Group, Inc.",36969230336,2464323,0.67,1.83,5.45,7.03,7.71,15.33,12.85,9.86,2.73,15.15,5.58,43.96
254,ETR,Entergy Corporation,36949979136,1675969,0.45,0.81,0.49,-1.2,1.41,-0.8,-5.26,24.78,74.83,46.83,101.57,60.46
255,ODFL,"Old Dominion Freight Line, Inc.",36831354880,1233820,0.33,1.85,4.14,5.43,9.22,4.39,-2.73,-14.7,-11.87,10.16,58.19,202.34
256,ED,"Consolidated Edison, Inc.",36815859712,1851806,0.5,1.1,1.36,0.72,-0.28,-2.79,0.41,-1.83,20.55,13.31,75.48,37.07
257,WAB,Westinghouse Air Brake Technolo,36698521600,772598,0.21,0.33,0.31,2.1,6.38,5.18,15.46,12.91,66.3,130.33,192.58,192.22
258,LVS,Las Vegas Sands Corp.,36353634304,3145540,0.87,1.83,4.51,16.11,21.01,21.33,13.74,1.08,4.85,43.1,-16.82,-8.49
259,VICI,VICI Properties Inc.,36270288896,7698476,2.12,2.06,2.28,3.16,5.47,7.36,6.34,6.02,20.46,13.18,46.71,106.47
260,IR,Ingersoll Rand Inc.,36187029504,3712519,1.03,1.13,2.13,6.62,9.98,7.39,4.66,-12.15,12.64,73.43,87.73,186.86
261,A,"Agilent Technologies, Inc.",36106895360,2269533,0.63,2.37,4.13,5.44,7.19,11.84,-2.52,-9.09,-3.25,-4.3,2.82,69.61
262,EBAY,eBay Inc.,36005990400,3817980,1.06,1.18,1.73,3.71,-0.23,7.03,20.3,19.66,90.8,69.22,42.68,110.32
263,VMC,Vulcan Materials Company (Holdi,35867664384,974802,0.27,0.29,1.4,3.8,4.51,0.21,9.91,5.28,24.55,58.92,62.99,92.19
264,BRO,"Brown & Brown, Inc.",35557568512,3007515,0.85,-0.3,0.0,-2.76,-0.29,-3.81,-8.93,1.24,40.15,65.38,136.68,208.39
265,GEHC,GE HealthCare Technologies Inc.,35487432704,2689702,0.76,1.31,2.53,3.28,7.53,7.73,-12.38,-15.66,7.13,,,
266,MPWR,"Monolithic Power Systems, Inc.",35452747776,379331,0.11,-1.42,-0.1,1.24,7.4,8.24,21.77,-18.79,18.53,42.51,96.66,391.05
267,EL,"Estee Lauder Companies, Inc. (T",35233406976,5895852,1.67,6.34,7.36,13.99,23.14,38.04,28.73,2.77,-24.63,-64.37,-66.65,-48.19
268,HIG,"The Hartford Insurance Group, I",34669043712,1589377,0.46,0.07,-1.26,-3.88,-2.85,-6.52,3.97,0.96,44.85,94.08,156.4,128.59
269,UAL,"United Airlines Holdings, Inc.",34229852160,20547977,6.0,14.33,13.02,15.12,24.43,17.26,-2.28,25.01,124.46,136.93,71.96,1.88
270,WEC,"WEC Energy Group, Inc.",34198470656,2127767,0.62,1.4,1.31,1.42,1.52,-1.75,-0.09,9.39,41.34,11.74,47.29,36.96
271,MLM,"Martin Marietta Materials, Inc.",34023874560,313846,0.09,-0.47,1.45,2.81,4.25,-0.4,17.18,-1.15,15.06,57.44,66.81,119.92
272,NUE,Nucor Corporation,33923338240,1967584,0.58,2.58,4.64,10.63,17.77,31.57,5.16,-8.12,-15.02,5.92,149.95,205.58
273,HSY,The Hershey Company,33910734848,2135214,0.63,1.66,-6.21,-0.79,-2.5,4.05,-3.87,-8.21,-8.95,-21.65,25.12,22.85
274,DXCM,"DexCom, Inc.",33742426112,3668341,1.09,0.7,3.04,-2.1,4.44,0.15,-3.29,22.88,-32.93,-4.76,-13.82,122.41
275,LYV,"Live Nation Entertainment, Inc.",33691684864,1614240,0.48,0.63,-1.99,-4.51,-0.78,1.01,0.77,25.39,61.68,47.6,55.57,106.64
276,ANSS,"ANSYS, Inc.",33612943360,1126740,0.34,2.09,3.15,6.63,11.2,7.55,12.38,14.68,10.29,30.4,8.21,73.28
277,ACGL,Arch Capital Group Ltd.,33429803008,2422094,0.72,0.73,-0.96,-2.73,-1.76,-6.4,-4.68,-13.96,16.23,105.91,159.35,127.38
278,MTB,M&T Bank Corporation,33353197568,962687,0.29,1.83,1.68,5.19,14.42,11.64,7.98,4.74,49.87,22.02,51.62,55.62
279,EXR,Extra Space Storage Inc,32997709824,1052849,0.32,0.07,-0.11,0.94,0.63,1.71,-0.27,-9.59,7.88,-18.52,42.23,56.32
280,EFX,"Equifax, Inc.",32912734208,601202,0.18,-0.27,0.35,2.17,3.52,2.56,8.28,-4.98,8.12,23.25,63.77,95.6
281,EQT,EQT Corporation,32637089792,8486323,2.6,-0.66,-2.92,-6.52,-7.39,-3.61,13.52,48.61,56.56,30.91,212.87,367.72
282,RJF,"Raymond James Financial, Inc.",32634820608,745546,0.23,0.97,1.86,4.79,8.91,8.58,4.29,17.14,45.38,58.02,111.74,205.39
283,DD,"DuPont de Nemours, Inc.",32109121536,1698429,0.53,0.78,4.32,10.99,13.39,10.56,-5.87,-9.29,22.22,32.42,12.31,19.61
284,XYL,Xylem Inc.,32037232640,1124732,0.35,0.04,0.46,1.73,4.97,4.58,0.86,-1.75,19.87,35.79,35.3,79.93
285,STT,State Street Corporation,31662561280,1828553,0.58,0.74,0.41,4.39,15.11,13.93,12.82,21.91,56.98,68.8,66.07,122.43
286,KHC,The Kraft Heinz Company,31352127488,15818927,5.05,0.08,1.5,2.52,2.8,0.14,-11.38,-23.34,-22.53,-21.2,-12.65,21.95
287,STX,Seagate Technology Holdings PLC,31203041280,5538018,1.77,1.75,-2.62,0.12,11.0,24.11,43.71,31.21,69.05,100.54,129.1,225.42
288,STZ,"Constellation Brands, Inc.",30901217280,1709865,0.55,1.82,1.04,5.8,7.2,-7.42,-1.38,-27.16,-28.5,-25.62,-15.63,-8.53
289,WTW,Willis Towers Watson Public Lim,30849026048,492437,0.16,0.42,1.48,1.08,4.36,-0.6,-8.26,7.33,25.7,49.77,45.16,69.17
290,TSCO,Tractor Supply Company,30577264640,4992684,1.63,0.4,1.2,8.85,12.67,14.54,4.25,-2.51,28.66,54.85,84.16,214.42
291,LEN,Lennar Corporation,30262059008,4238243,1.4,0.94,6.61,5.73,11.79,8.19,-1.79,-34.33,-15.83,40.96,49.67,134.64
292,SMCI,"Super Micro Computer, Inc.",30260015104,32160885,10.63,0.68,6.9,2.75,16.82,21.15,21.47,5.82,7.11,690.21,1369.51,2478.6
293,IT,"Gartner, Inc.",29846222848,809166,0.27,-1.69,-2.99,-4.07,-4.18,-12.83,-22.18,-27.15,-16.26,29.09,110.53,178.32
294,FITB,Fifth Third Bancorp,29822773248,5215945,1.75,1.43,2.28,7.1,16.63,16.53,3.23,-0.23,34.18,38.03,44.76,98.28
295,NRG,"NRG Energy, Inc.",29807171584,2101649,0.71,0.73,-4.62,-5.74,-0.47,-3.54,43.76,78.28,200.19,318.2,328.48,362.99
296,PCG,Pacific Gas & Electric Co.,29800728576,21714725,7.29,0.15,-0.73,-2.87,0.11,-20.44,-16.87,-32.93,-17.58,18.13,24.26,22.15
297,IQV,"IQVIA Holdings, Inc.",29257097216,1612092,0.55,2.17,1.9,5.04,7.42,17.78,-12.33,-29.23,-22.24,-30.94,-14.85,8.23
298,WBD,"Warner Bros. Discovery, Inc. - ",29224372224,40277421,13.78,1.39,5.72,1.66,10.11,21.99,1.66,49.74,11.91,-11.07,-79.98,-57.17
299,IRM,Iron Mountain Incorporated (Del,29197553664,997809,0.34,-0.29,-1.36,-3.52,-3.71,2.49,8.02,-18.62,54.47,104.15,245.15,313.73
300,AVB,"AvalonBay Communities, Inc.",29155758080,825032,0.28,1.03,0.12,-0.39,-0.9,1.48,-8.86,-7.86,21.04,5.43,32.99,17.67
301,LULU,lululemon athletica inc.,28905523200,2593492,0.9,1.11,0.4,0.4,1.41,-25.74,-34.76,-15.93,-49.77,-25.29,-24.24,22.02
302,VTR,"Ventas, Inc.",28799739904,2930811,1.02,0.83,0.43,0.21,1.6,-1.97,-7.18,0.56,39.71,37.05,40.5,10.54
303,HPE,Hewlett Packard Enterprise Comp,28595238912,31324845,10.95,2.36,1.82,4.11,19.81,19.54,9.13,3.89,40.89,60.41,67.15,71.39
304,KEYS,Keysight Technologies Inc.,28533143552,768190,0.27,0.57,1.47,0.6,2.71,1.59,3.33,4.22,6.2,-1.03,14.12,62.6
305,IP,International Paper Company,28232953856,4097867,1.45,2.04,5.09,11.92,14.11,7.93,-6.1,15.37,53.86,38.58,28.47,71.54
306,DTE,DTE Energy Company,28209344512,1486974,0.53,1.7,1.93,0.91,1.28,-1.73,1.6,6.72,37.53,11.91,52.83,45.88
307,BR,"Broadridge Financial Solutions,",28025497600,501514,0.18,-0.07,-0.82,-1.83,-0.07,-0.22,-0.34,10.56,18.54,47.26,75.6,106.9
308,HUM,Humana Inc.,28022499328,978973,0.35,-1.91,-2.12,-5.03,-3.48,2.84,-13.54,-11.91,-41.24,-50.82,-37.29,-10.9
309,AWK,"American Water Works Company, I",27996952576,922238,0.33,0.62,1.94,2.57,1.25,-0.32,5.57,3.17,21.14,-3.44,7.61,30.24
310,GIS,"General Mills, Inc.",27946158080,7258066,2.6,1.52,0.27,0.33,-2.07,-3.97,-13.36,-24.95,-14.42,-26.5,9.19,14.4
311,K,Kellanova,27797659648,3316249,1.19,0.57,0.01,0.18,-0.7,-2.76,-2.56,0.41,56.22,24.43,72.6,61.62
312,SYF,Synchrony Financial,27458191360,3244040,1.18,1.4,2.07,6.59,18.02,20.54,17.89,27.2,93.32,113.48,96.52,142.94
313,PPG,"PPG Industries, Inc.",27227140096,1365302,0.5,0.74,3.13,4.68,10.72,6.07,5.82,-7.76,-12.77,-5.62,-6.39,13.06
314,ROL,"Rollins, Inc.",26956011520,1594439,0.59,-0.34,-1.08,-1.42,-1.4,-3.02,6.48,13.51,31.0,54.53,72.42,155.82
315,ADM,Archer-Daniels-Midland Company,26806573056,3013516,1.12,1.65,0.68,4.0,1.46,12.87,17.49,-3.46,10.39,-28.26,7.51,54.73
316,VRSN,"VeriSign, Inc.",26788730880,580109,0.22,-1.54,-0.77,-1.22,0.47,5.84,20.26,53.9,40.24,43.14,46.1,49.62
317,EQR,Equity Residential,26486202368,1811103,0.68,0.83,0.54,-0.61,-1.41,-1.25,-7.75,-7.74,21.04,-3.59,18.9,-2.3
318,DOV,Dover Corporation,26440366080,657818,0.25,1.22,1.68,3.98,8.2,5.24,-3.88,-1.45,30.89,45.78,57.99,109.28
319,AEE,Ameren Corporation,26404259840,1785808,0.68,1.14,0.38,0.26,2.02,0.33,-3.79,11.46,47.85,12.46,53.75,46.37
320,WRB,W.R. Berkley Corporation,26232467456,3123112,1.19,-0.86,-2.26,-5.88,-4.37,-6.05,10.65,15.45,38.09,72.7,145.72,144.5
321,MTD,"Mettler-Toledo International, I",26063400960,157879,0.06,1.44,4.01,5.24,7.45,6.31,-2.87,-9.38,2.61,-8.21,8.95,73.99
322,PPL,PPL Corporation,25807441920,3154897,1.22,1.69,1.93,1.3,2.63,-0.69,-0.91,8.62,41.96,31.23,52.35,40.93
323,HBAN,Huntington Bancshares Incorpora,25787209728,18101161,7.02,0.8,0.11,4.77,13.44,12.53,8.81,17.22,43.23,44.93,36.04,58.72
324,VLTO,Veralto Corp,25751662592,1147783,0.45,0.74,0.4,2.16,5.95,1.73,3.61,-8.46,36.06,,,
325,ON,ON Semiconductor Corporation,25625978880,8355996,3.26,3.03,8.99,13.57,12.43,37.14,26.5,-14.04,-20.8,-10.09,40.81,202.9
326,SW,Smurfit WestRock plc,25480949760,3103770,1.22,1.65,2.52,11.29,12.22,8.18,-7.78,12.15,,,,
327,TDY,Teledyne Technologies Incorpora,25083471872,494954,0.2,1.47,2.34,2.97,7.51,6.58,2.43,17.56,26.23,33.45,38.72,64.05
328,FOXA,Fox Corporation,25039884288,4017400,1.6,2.75,3.43,1.23,4.9,1.67,-1.04,33.91,84.34,69.74,73.22,86.25
329,EXE,Expand Energy Corporation,25035390976,2539592,1.01,0.0,-3.4,-10.04,-12.03,-10.3,7.56,22.18,43.21,28.73,190.24,
330,SBAC,SBA Communications Corporation,25012121600,571864,0.23,-0.63,-0.34,-0.87,1.87,0.77,7.9,-4.46,5.37,-30.32,-0.34,-1.56
331,FOX,Fox Corporation,24990109696,967588,0.39,2.55,3.04,0.52,4.57,1.47,-3.52,33.52,82.59,67.92,65.93,71.46
332,DRI,"Darden Restaurants, Inc.",24912494592,1331835,0.53,-0.68,-0.76,-1.65,-4.63,0.15,7.71,32.44,38.3,81.09,77.33,99.91
333,CBOE,"Cboe Global Markets, Inc.",24798707712,689603,0.28,1.02,-0.34,0.52,4.0,1.37,11.21,11.87,24.17,102.4,143.8,120.49
334,ATO,Atmos Energy Corporation,24722972672,531087,0.21,0.83,1.03,0.17,1.36,-1.35,2.04,9.24,44.54,45.48,100.61,60.52
335,DG,Dollar General Corporation,24705171456,2089711,0.85,-0.08,-2.98,-1.35,-0.43,11.74,53.09,39.74,-11.06,-53.36,-37.72,-22.5
336,ES,Eversource Energy (D/B/A),24660815872,1484596,0.6,1.54,2.67,3.91,4.6,2.32,7.51,5.51,33.58,-18.21,-3.03,-2.05
337,NTRS,Northern Trust Corporation,24632528896,1551091,0.63,-0.3,-1.46,-0.13,15.5,17.04,16.6,34.43,64.34,37.47,47.34,57.68
338,CHD,"Church & Dwight Company, Inc.",24577191936,1603185,0.65,0.71,0.52,3.1,3.05,1.23,-10.61,-4.77,3.79,16.55,32.32,45.75
339,GDDY,GoDaddy Inc.,24332677120,1408364,0.58,-2.49,-4.38,-5.16,-4.08,-5.58,-4.86,3.86,57.61,110.39,101.43,154.61
340,HPQ,HP Inc.,24271261696,7606550,3.13,0.43,1.54,5.19,5.93,-8.17,-14.84,-29.46,-8.06,-15.59,0.87,65.42
341,TPL,Texas Pacific Land Corporation,24240642048,126594,0.05,0.33,1.65,-0.51,-3.36,-15.36,-26.21,-1.05,114.27,88.43,201.63,422.04
342,EXPE,"Expedia Group, Inc.",24168140800,2146979,0.89,3.91,2.91,8.47,12.95,11.16,-7.16,16.32,23.71,68.26,13.99,39.52
343,TYL,"Tyler Technologies, Inc.",24144848896,405336,0.17,-3.3,-5.05,-5.56,-3.56,-2.81,-7.98,-4.82,27.46,34.73,17.37,115.6
344,CPAY,"Corpay, Inc.",23984033792,490973,0.2,1.36,1.07,1.16,2.54,0.74,-8.55,-4.2,16.8,49.53,18.82,12.92
345,CNP,"CenterPoint Energy, Inc (Holdin",23740145664,3771721,1.59,0.42,-0.06,-1.42,1.4,-4.0,5.99,22.34,39.05,22.33,106.38,42.45
346,JBL,Jabil Inc.,23713206272,1196487,0.5,-0.14,-1.97,1.31,12.23,30.61,42.7,75.75,78.94,265.25,397.34,629.78
347,CDW,CDW Corporation,23663794176,962322,0.41,-0.58,1.32,0.62,5.21,-3.24,1.19,-17.92,-19.15,5.85,17.55,68.89
348,FE,FirstEnergy Corp.,23613548544,3030028,1.28,0.95,1.73,0.67,2.04,-3.73,5.63,-3.84,20.12,15.1,44.43,6.99
349,DLTR,"Dollar Tree, Inc.",23397951488,3550899,1.52,3.46,3.97,9.42,10.19,19.93,48.74,59.7,-16.74,-34.71,9.21,-2.4
350,PHM,"PulteGroup, Inc.",23371290624,2533389,1.08,1.24,6.51,9.22,16.67,14.77,12.0,-20.6,13.78,168.26,165.0,245.66
351,PTC,PTC Inc.,23340681216,7013429,3.0,-7.55,11.31,12.91,16.15,13.55,18.92,5.06,8.89,58.18,36.83,188.45
352,CINF,Cincinnati Financial Corporatio,23290564608,445845,0.19,0.78,1.11,-0.72,2.39,-0.49,1.23,6.5,35.9,60.06,63.6,50.74
353,TROW,"T. Rowe Price Group, Inc.",23021342720,1743446,0.76,1.49,4.11,6.69,12.43,9.21,0.1,-5.56,0.71,-9.07,-25.62,10.06
354,LUV,Southwest Airlines Company,23016077312,23734576,10.31,8.14,10.47,15.14,19.48,15.02,21.66,26.24,24.28,1.19,-31.54,-28.17
355,WDC,Western Digital Corporation,22845493248,3916642,1.71,0.65,-0.25,1.67,11.08,25.78,33.21,28.04,48.6,80.86,19.42,39.01
356,HUBB,Hubbell Inc,22782615552,803026,0.35,1.09,2.25,3.39,7.93,6.22,14.02,-6.8,31.19,102.44,149.0,251.57
357,STE,STERIS plc (Ireland),22696157184,530745,0.23,-0.24,-1.11,-3.95,-2.68,-6.29,5.23,3.08,8.7,12.73,34.64,66.8
358,AMCR,Amcor plc,22592878592,19150600,8.48,0.31,1.55,6.96,8.38,7.2,-2.87,-10.42,12.38,-11.72,4.35,28.88
359,RF,Regions Financial Corporation,22519820288,6482258,2.88,0.85,1.1,5.61,15.32,15.98,7.13,6.91,38.09,27.87,39.51,93.38
360,NVR,"NVR, Inc.",22483435520,16102,0.01,-0.15,1.51,4.12,9.96,6.64,6.13,-21.32,12.14,75.01,68.16,111.46
361,LII,"Lennox International, Inc.",22453123072,386451,0.17,2.49,4.27,7.7,15.13,6.83,3.17,2.94,44.5,156.15,131.16,179.83
362,WSM,"Williams-Sonoma, Inc.",22055264256,1202252,0.55,1.59,4.31,8.04,12.47,5.8,-8.85,25.41,73.29,141.85,183.41,493.09
363,DVN,Devon Energy Corporation,21799294976,7745385,3.55,-1.85,3.89,6.73,-2.19,9.06,-4.93,-14.6,-14.36,-34.15,93.79,73.49
364,DOW,Dow Inc.,21647702016,12067202,5.57,1.31,10.01,14.16,2.68,7.13,-18.7,-39.6,-37.28,-33.27,-38.06,-13.48
365,ULTA,"Ulta Beauty, Inc.",21426063360,535445,0.25,0.12,0.03,1.78,0.93,13.01,29.97,28.09,-0.55,24.81,41.11,103.61
366,CMS,CMS Energy Corporation,21336092672,2288397,1.07,1.12,1.31,1.82,2.05,1.05,-2.71,1.64,33.1,12.18,46.66,34.18
367,NTAP,"NetApp, Inc.",21322948608,1275043,0.6,-0.23,0.87,0.36,3.62,6.54,7.83,-14.67,23.48,55.91,81.94,122.54
368,WAT,Waters Corporation,21268410368,389496,0.18,1.17,1.89,1.21,3.57,-1.42,-6.38,1.72,13.08,6.8,27.52,54.48
369,LH,Labcorp Holdings Inc.,21228830720,1375795,0.65,-2.1,-1.64,-3.38,-2.24,2.7,1.33,18.93,15.72,18.3,27.3,79.38
370,LYB,LyondellBasell Industries NV,21149245440,2648898,1.25,0.74,7.56,12.89,9.62,15.48,-11.33,-24.41,-22.88,-12.35,-17.98,4.85
371,LDOS,"Leidos Holdings, Inc.",21083398144,507641,0.24,0.49,-0.89,3.32,9.11,7.14,26.13,-2.37,50.41,71.84,87.38,103.46
372,CFG,"Citizens Financial Group, Inc.",20999743488,4852674,2.31,1.1,1.78,7.04,18.42,18.51,5.84,17.15,51.64,42.04,30.04,71.1
373,PODD,Insulet Corporation,20929492992,467212,0.22,-0.02,-1.1,-5.34,-2.3,-8.95,9.23,29.8,47.82,13.3,10.04,105.0
374,TPR,"Tapestry, Inc.",20774569984,4324595,2.08,2.44,5.59,11.19,17.98,21.23,15.31,119.22,170.25,210.45,164.44,348.25
375,STLD,"Steel Dynamics, Inc.",20586403840,1241235,0.6,0.95,2.91,7.31,3.56,7.11,2.51,2.94,20.55,73.26,235.8,403.23
376,KEY,KeyCorp,20296843264,15971586,7.87,0.16,1.09,6.14,17.55,17.32,9.49,11.13,38.3,15.73,9.92,35.12
377,BIIB,Biogen Inc.,20173914112,971025,0.48,1.74,4.0,7.76,6.93,5.41,-3.68,-28.6,-45.25,-38.78,-50.47,-43.31
378,EIX,Edison International,19991764992,3849439,1.93,1.3,1.54,0.99,5.92,-8.74,-2.81,-36.82,-15.34,-13.41,14.7,-6.6
379,GPN,Global Payments Inc.,19947956224,2894977,1.45,0.71,1.42,1.47,6.87,7.56,-22.4,-19.43,-36.59,-36.99,-58.29,-48.22
380,ESS,"Essex Property Trust, Inc.",19938336768,374539,0.19,0.7,1.12,1.19,2.05,5.38,-6.34,0.03,28.96,10.46,28.96,7.15
381,INVH,Invitation Homes Inc.,19914962944,1892165,0.95,0.34,0.22,-1.28,-2.57,-2.13,-3.13,-2.72,2.81,-8.38,25.4,33.11
382,IFF,International Flavors & Fragran,19616559104,1096355,0.56,0.09,2.16,4.17,2.67,-0.27,-5.37,-25.49,-0.32,-32.16,-37.84,-26.42
383,TRMB,Trimble Inc.,19578077184,1507969,0.77,1.52,2.8,6.38,12.64,12.39,12.3,31.58,59.3,15.47,4.22,104.53
384,MKC,"McCormick & Company, Incorporat",19506571264,1845809,0.95,0.32,-1.29,-3.88,-0.11,1.5,-11.26,-7.85,13.98,-13.88,-6.3,1.82
385,TSN,"Tyson Foods, Inc.",19309174784,2391105,1.24,-0.8,-1.99,-2.32,-0.16,-1.23,-10.12,-6.3,8.05,-23.9,-9.48,-27.54
386,CTRA,Coterra Energy Inc.,19157852160,5184413,2.71,-0.16,1.13,-1.1,-5.96,0.97,-5.41,6.94,5.4,2.12,68.48,79.09
387,HAL,Halliburton Company,19155015680,11247049,5.87,0.54,6.08,8.73,-3.69,11.9,-14.66,-21.82,-37.6,-17.04,3.93,16.99
388,DGX,Quest Diagnostics Incorporated,19139819520,913939,0.48,-1.25,-1.45,-4.12,-3.76,-0.84,0.1,16.76,38.33,29.31,60.81,82.14
389,WY,Weyerhaeuser Company,19009429504,4519388,2.38,0.11,2.11,1.91,1.2,2.18,-11.7,-18.47,-17.37,-19.28,-10.25,16.46
390,L,Loews Corporation,18977576960,989946,0.52,-0.52,-1.04,-1.27,2.53,1.68,4.49,10.99,24.4,60.54,85.74,80.65
391,PKG,Packaging Corporation of Americ,18936203264,655322,0.35,1.55,2.97,9.97,11.21,7.62,-1.47,-4.21,30.47,61.18,74.93,135.46
392,ZBH,"Zimmer Biomet Holdings, Inc.",18825236480,2345927,1.25,-0.05,2.79,4.32,5.75,1.26,-8.36,-8.7,-19.99,-15.13,-37.84,-26.01
393,NI,NiSource Inc,18763034624,4473565,2.38,0.66,-0.08,-1.83,0.81,0.81,-2.28,15.81,65.38,43.34,108.45,63.75
394,ERIE,Erie Indemnity Company,18743781376,119345,0.06,2.01,3.37,1.74,0.39,-0.17,-17.3,-26.46,5.87,69.23,53.52,88.53
395,PFG,Principal Financial Group Inc,18461347840,894165,0.48,0.92,1.76,2.73,7.65,4.45,-6.61,-8.11,7.75,19.03,63.14,78.08
396,GEN,Gen Digital Inc.,18408427520,2406786,1.31,-1.59,-1.4,0.95,-0.3,5.36,9.07,7.16,29.99,30.21,65.1,138.18
397,MAA,Mid-America Apartment Communiti,18254995456,1218593,0.67,0.58,0.67,2.09,1.42,-2.03,-9.26,0.75,18.61,-8.84,28.75,41.32
398,FTV,Fortive Corporation,18057963520,4938328,2.73,0.13,0.11,1.78,1.16,-0.49,-11.35,-8.5,-3.75,7.32,5.94,25.5
399,NWS,News Corporation,17867079680,624447,0.35,1.12,1.56,0.41,8.2,5.8,7.07,23.7,35.84,89.7,51.18,149.39
400,PNR,Pentair plc.,17845483520,1712792,0.96,0.73,2.55,4.89,11.9,7.97,14.67,9.3,54.42,124.19,95.73,208.85
401,NWSA,News Corporation,17832304640,2273636,1.28,0.92,0.99,-0.2,6.84,4.99,4.02,12.6,21.79,65.36,26.9,120.53
402,FSLR,"First Solar, Inc.",17704910848,3016910,1.7,-0.54,-6.76,-0.27,14.73,6.01,21.23,-18.82,10.9,44.17,94.48,150.82
403,GPC,Genuine Parts Company,17597810688,1428053,0.81,0.61,0.39,3.88,5.61,-0.17,2.58,-10.09,-6.92,-11.78,31.44,51.42
404,RL,Ralph Lauren Corporation,17516582912,616707,0.35,-0.24,1.42,5.68,9.57,1.61,7.66,44.35,113.47,223.42,165.07,229.52
405,HRL,Hormel Foods Corporation,17493440512,3102606,1.77,0.86,3.38,4.26,4.92,4.44,11.23,1.89,8.6,-30.87,-23.24,-15.07
406,ZBRA,Zebra Technologies Corporation,17247143936,474449,0.28,2.66,4.18,7.13,14.17,11.98,4.86,-11.63,29.97,0.45,-35.41,56.56
407,FFIV,"F5, Inc.",17223163904,402269,0.23,-0.79,0.21,1.89,3.92,4.64,2.55,38.2,65.38,76.07,54.49,115.7
408,FDS,FactSet Research Systems Inc.,17094740992,255344,0.15,0.48,0.47,0.6,6.2,-2.58,-2.32,-4.11,-3.09,6.3,50.19,68.78
409,SNA,Snap-On Incorporated,16905733120,268402,0.16,0.81,1.12,3.06,4.37,-1.55,-5.39,-0.3,16.51,52.88,71.26,136.21
410,TER,"Teradyne, Inc.",16816485376,7121971,4.24,6.29,8.86,9.68,14.1,20.65,-10.09,-22.19,-10.29,0.84,-25.09,74.34
411,WST,"West Pharmaceutical Services, I",16691198976,546924,0.33,1.35,3.5,4.77,5.12,8.63,-1.24,-20.41,-34.0,-31.86,-18.17,62.39
412,J,Jacobs Solutions Inc.,16611628032,668048,0.4,1.5,2.9,3.62,6.03,5.87,7.66,-3.18,23.94,31.63,46.95,82.48
413,EXPD,Expeditors International of Was,16606754816,1195991,0.72,1.69,2.65,4.38,4.78,5.07,2.31,-0.29,-4.44,15.14,33.98,69.92
414,BALL,Ball Corporation,16329808896,1609634,0.99,0.79,-0.02,4.12,5.59,9.86,11.68,-11.64,6.64,5.95,-28.82,-16.94
415,DPZ,Domino's Pizza Inc,16314353664,468755,0.29,1.39,3.68,4.29,2.43,-2.65,-3.28,10.67,13.79,20.71,43.95,106.13
416,LNT,Alliant Energy Corporation,16309741568,1753496,1.08,1.43,1.05,3.52,4.18,0.56,-2.19,3.55,37.13,11.23,52.73,42.16
417,CNC,Centene Corporation,16182049792,13773913,8.51,-1.72,-1.6,-40.09,-40.78,-43.59,-44.09,-48.38,-56.92,-65.7,-45.24,-28.61
418,EVRG,"Evergy, Inc.",16112193536,2054912,1.28,0.89,0.17,0.71,4.02,4.82,2.82,17.79,50.27,13.52,54.28,34.4
419,CLX,Clorox Company (The),15986775040,1645035,1.03,1.46,2.64,6.47,4.7,-1.93,-17.55,-19.47,-4.7,-3.54,-18.84,-2.91
420,TXT,Textron Inc.,15902298112,2200834,1.38,3.35,4.74,6.15,10.89,14.11,14.11,-5.56,-0.23,27.59,66.12,62.52
421,BBY,"Best Buy Co., Inc.",15851421696,3649468,2.3,1.74,4.55,9.82,7.71,3.49,-15.81,-20.54,7.69,8.11,-12.55,35.25
422,DECK,Deckers Outdoor Corporation,15689288704,2527146,1.61,0.04,-0.76,1.82,2.28,-3.68,-24.69,-34.53,-16.11,92.43,89.94,340.32
423,COO,"The Cooper Companies, Inc.",15659915264,2946029,1.88,2.33,4.65,7.79,11.55,-4.83,-15.14,-28.17,-19.25,-7.64,-21.47,0.48
424,JBHT,"J.B. Hunt Transport Services, I",15541474304,884060,0.57,1.3,3.41,7.7,11.19,10.47,-3.74,-10.12,-22.91,-16.81,7.57,41.73
425,CF,"CF Industries Holdings, Inc.",15514078208,2184419,1.41,-3.03,0.6,4.09,-6.56,4.61,18.88,13.64,29.48,-0.04,128.33,118.16
426,BG,Bunge Limited,15491466240,1218388,0.79,1.19,2.26,-4.66,-10.68,-3.41,4.06,-17.84,-9.98,-14.84,8.86,60.25
427,APTV,Aptiv PLC,15367384064,2978686,1.94,-0.48,-2.01,3.46,4.41,3.19,8.38,0.97,-15.05,-32.99,-54.39,-20.88
428,BAX,Baxter International Inc.,15241297920,6549652,4.3,-0.37,0.03,-1.92,-0.74,-3.25,-13.46,-17.7,-18.49,-46.38,-58.05,-62.02
429,UDR,"UDR, Inc.",15178323968,2028047,1.34,0.5,0.01,0.23,-0.14,2.2,-8.47,-5.72,17.47,-6.65,13.87,4.33
430,BLDR,"Builders FirstSource, Inc.",15170733056,2791215,1.84,1.59,8.22,15.79,25.13,21.18,-2.78,-30.84,-18.27,97.63,201.34,564.31
431,HOLX,"Hologic, Inc.",15123407872,2032472,1.34,1.52,3.85,2.59,4.23,7.53,5.46,-16.93,-9.77,-7.46,-10.44,33.7
432,ALGN,"Align Technology, Inc.",15117431808,685071,0.45,2.0,5.49,8.0,16.74,14.52,9.33,-5.34,-20.46,-28.95,-63.82,15.1
433,KIM,Kimco Realty Corporation (HC),14607100928,3017961,2.07,1.04,0.75,1.67,2.84,2.95,-0.97,-9.67,13.28,8.91,39.22,38.82
434,OMC,Omnicom Group Inc.,14564546560,4393234,3.02,1.28,-0.56,2.07,6.08,-0.13,-9.66,-28.37,-13.57,12.98,20.81,15.11
435,AVY,Avery Dennison Corporation,14520854528,503380,0.35,0.6,2.4,5.22,6.14,2.34,-0.78,-14.22,-4.51,-1.48,11.22,77.21
436,EG,"Everest Group, Ltd.",14492003328,300720,0.21,0.08,1.91,0.18,2.23,-0.96,-3.07,-10.84,-6.86,36.08,53.56,48.0
437,MAS,Masco Corporation,14368454656,1402089,0.98,0.91,3.37,4.88,10.44,6.32,-9.77,-20.01,5.67,33.19,33.99,79.87
438,TKO,"TKO Group Holdings, Inc.",14222985216,902799,0.63,0.63,-1.96,-4.98,2.94,9.02,15.35,35.72,97.66,151.36,250.22,145.43
439,BF-B,Brown Forman Inc,14155834368,4654930,3.29,2.72,4.72,8.1,12.71,-15.14,-10.86,-40.12,-44.89,-59.65,-56.7,-50.26
440,ARE,Alexandria Real Estate Equities,14111399936,1422181,1.01,2.88,5.66,9.17,13.37,14.76,-19.94,-31.55,-29.02,-45.34,-40.77,-36.11
441,IEX,IDEX Corporation,14086488064,686177,0.49,0.56,3.4,5.61,5.36,1.07,-4.23,-11.04,-8.34,-10.2,-2.41,15.84
442,INCY,Incyte Corporation,13936673792,1329188,0.95,2.36,4.56,3.29,2.22,7.64,-4.3,5.89,15.61,-5.11,-11.67,-11.07
443,MRNA,"Moderna, Inc.",13859951616,11669156,8.42,4.54,14.65,24.25,34.17,28.1,10.72,-37.47,-66.1,-80.33,-78.22,94.11
444,SOLV,Solventum Corporation,13427268608,766473,0.57,2.28,-0.47,0.05,4.29,4.62,-4.85,4.79,,,,
445,BEN,"Franklin Resources, Inc.",13338956800,2625150,1.97,0.96,2.4,5.41,14.04,14.76,27.99,27.36,1.98,3.53,14.46,13.66
446,ALLE,Allegion plc,13166775296,867400,0.66,0.98,2.28,5.14,11.22,4.84,18.21,0.13,25.58,55.25,44.26,60.96
447,DOC,"Healthpeak Properties, Inc.",13077838848,5219233,3.99,1.53,3.11,5.88,8.99,7.49,-7.82,-12.96,6.4,-22.58,-22.02,-29.46
448,JKHY,"Jack Henry & Associates, Inc.",13074840576,239013,0.18,-0.11,-0.53,-0.34,-0.43,-2.41,4.11,-2.52,9.85,-10.85,24.71,30.55
449,PAYC,"Paycom Software, Inc.",12848174080,418268,0.33,-2.02,-1.3,-0.88,-5.12,-12.21,4.84,39.47,19.94,-38.23,-39.76,8.18
450,REG,Regency Centers Corporation,12692449280,1060066,0.84,0.35,-0.94,-2.77,-1.25,-3.05,-7.93,-1.0,18.19,20.25,49.9,29.37
451,NDSN,Nordson Corporation,12675274752,239529,0.19,0.51,2.0,4.11,4.61,13.12,6.91,-11.9,-9.38,-2.74,20.7,62.38
452,BXP,"BXP, Inc.",12646464512,752048,0.59,1.81,4.38,4.16,-0.62,6.27,2.0,-17.55,8.79,-4.02,-12.27,-28.18
453,MOH,Molina Healthcare Inc,12389036032,1440450,1.16,-3.64,-1.73,-23.27,-21.83,-25.73,-24.09,-21.03,-37.61,-30.69,2.85,98.33
454,RVTY,"Revvity, Inc.",12343500800,856765,0.69,2.27,3.74,5.87,8.75,11.03,-8.63,-13.82,-3.91,-34.86,-20.31,20.39
455,CHRW,"C.H. Robinson Worldwide, Inc.",12180563968,809426,0.66,1.74,4.25,5.1,7.75,4.32,0.52,-7.35,22.65,-5.74,22.71,35.27
456,CPT,Camden Property Trust,12159367168,866543,0.71,0.35,0.04,0.64,-1.24,-0.53,-6.93,-2.38,22.81,-11.6,26.38,25.01
457,HST,"Host Hotels & Resorts, Inc.",11967991808,9238721,7.72,2.66,3.56,7.94,7.86,8.55,5.59,-3.97,-8.07,3.24,18.45,17.72
458,UHS,"Universal Health Services, Inc.",11957047296,700865,0.59,0.82,1.39,1.6,7.16,-4.25,5.25,-21.15,20.78,65.98,47.45,24.55
459,WYNN,"Wynn Resorts, Limited",11899389952,2013916,1.69,1.68,3.0,19.49,28.24,20.95,25.63,15.14,20.65,75.45,-13.0,2.33
460,POOL,Pool Corporation,11811156992,528507,0.45,0.92,5.11,6.8,9.04,3.24,-9.61,-14.81,-16.59,-15.64,-2.11,74.23
461,SWKS,"Skyworks Solutions, Inc.",11675589632,2083810,1.78,0.09,1.98,4.27,8.63,8.84,17.75,-18.47,-24.32,-23.66,-53.67,9.08
462,SWK,"Stanley Black & Decker, Inc.",11572812800,2596240,2.24,1.29,6.57,9.0,15.14,11.27,-12.69,-27.49,-15.72,-12.75,-52.9,-39.69
463,MOS,Mosaic Company (The),11401281536,5452972,4.78,-3.7,-4.64,-1.48,-0.61,0.29,52.54,41.62,17.6,-28.17,27.9,82.75
464,AKAM,"Akamai Technologies, Inc.",11307171840,1110398,0.98,-1.48,0.48,-0.4,0.97,1.99,-1.54,-24.15,-35.81,-17.24,-17.2,-12.88
465,SJM,The J.M. Smucker Company,11217982464,2796624,2.49,0.47,1.09,6.58,10.75,-8.14,-4.39,-11.08,-14.63,-13.61,7.17,15.79
466,PNW,Pinnacle West Capital Corporati,11073239040,1085756,0.98,1.53,1.38,2.09,2.81,-0.24,-0.35,8.11,42.94,35.09,52.87,23.99
467,DVA,DaVita Inc.,10966111232,734788,0.67,1.14,0.46,0.71,5.09,2.55,-2.99,-10.39,37.33,57.3,39.48,132.7
468,NCLH,Norwegian Cruise Line Holdings ,10904089600,19736472,18.1,5.42,7.93,14.15,27.69,27.97,1.89,-3.98,32.21,70.72,-22.45,-57.1
469,MGM,MGM Resorts International,10892793856,4040412,3.71,3.05,4.89,12.94,15.7,21.41,11.74,-4.29,-9.38,12.66,1.47,32.86
470,VTRS,Viatris Inc.,10880128000,6630546,6.09,0.22,0.54,3.58,5.59,7.56,2.93,-18.13,-15.61,-1.48,-24.86,-48.39
471,HAS,"Hasbro, Inc.",10863158272,1819236,1.67,0.55,0.72,4.44,14.22,14.43,20.94,10.91,71.51,11.87,-3.43,-19.31
472,HII,"Huntington Ingalls Industries, ",10501927936,656013,0.62,3.69,1.81,6.9,10.27,13.97,47.9,0.62,5.38,21.71,59.47,33.06
473,LKQ,LKQ Corporation,10215773184,1498617,1.47,0.93,2.51,5.94,5.55,-3.99,-5.73,1.76,-13.82,-23.55,6.19,32.87
474,AOS,A.O. Smith Corporation,10154163200,1588149,1.56,1.4,3.54,7.47,11.45,2.77,6.54,-9.19,-9.95,20.1,25.21,59.28
475,TAP,Molson Coors Beverage Company,10133645312,1971983,1.95,0.52,1.65,3.58,0.95,-7.24,-17.99,-8.98,-14.53,-2.23,25.1,3.08
476,EPAM,"EPAM Systems, Inc.",10070017024,634936,0.63,-2.19,-1.23,0.53,5.44,0.62,-13.77,-10.43,-38.35,-59.69,-53.79,-3.01
477,KMX,CarMax Inc,10045819904,4280432,4.26,-0.49,-2.68,-0.4,3.9,6.32,-19.32,-10.89,-0.76,-33.07,-44.86,-22.24
478,WBA,"Walgreens Boots Alliance, Inc.",10005885952,3769117,3.77,-0.17,0.09,0.7,1.49,3.12,8.24,11.74,-44.1,-65.6,-69.86,-72.07
479,GL,Globe Life Inc.,9961269248,789911,0.79,1.3,-1.72,-3.94,-0.01,-2.34,-6.11,9.95,-1.03,20.3,30.11,32.93
480,AIZ,"Assurant, Inc.",9629887488,248212,0.26,-0.3,-0.84,-3.83,-4.21,-5.13,-8.28,-3.07,14.64,23.75,61.88,65.99
481,EMN,Eastman Chemical Company,9567069184,1469134,1.54,1.59,4.22,9.24,8.5,-0.05,-14.98,-23.35,2.63,-7.03,-15.33,36.81
482,HSIC,"Henry Schein, Inc.",9363054592,1044748,1.12,0.5,1.47,2.03,6.23,1.18,3.27,3.99,1.73,-1.97,15.46,18.75
483,IPG,"Interpublic Group of Companies,",9359424512,6551529,7.0,1.26,-0.64,2.12,8.65,3.55,-6.36,-19.1,-16.97,-5.01,9.89,48.75
484,DAY,"Dayforce, Inc.",9316265984,1165449,1.25,-1.34,2.95,5.2,2.46,-0.27,-6.0,-8.8,-15.14,-14.7,-37.29,11.18
485,CAG,"ConAgra Brands, Inc.",9303999488,29495165,31.7,-4.37,-4.51,-4.79,-9.56,-14.89,-22.58,-33.07,-28.58,-35.8,-31.75,-18.93
486,ALB,Albemarle Corporation,9168260096,5716196,6.23,4.92,13.39,18.51,24.43,27.16,-2.41,-20.28,-37.27,-70.22,-48.91,17.93
487,PARA,Paramount Global,9140305920,5846974,6.4,1.27,1.92,-1.01,6.68,6.6,13.37,25.23,-1.81,-45.31,-78.74,-65.69
488,CPB,The Campbell's Company,9089983488,14567140,16.03,-0.81,-1.04,0.71,-3.0,-10.11,-22.18,-35.4,-26.92,-32.35,-22.08,-20.59
489,GNRC,Generac Holdlings Inc.,9043481600,791068,0.87,0.71,2.47,6.13,22.56,20.57,11.63,-9.78,34.3,-41.46,-56.1,84.77
490,AES,The AES Corporation,8834964480,35354736,40.02,-6.41,7.73,17.97,17.85,23.24,8.99,-24.82,-19.03,-43.18,-46.52,-4.63
491,TECH,Bio-Techne Corp,8824921088,1946627,2.21,3.46,5.57,5.75,9.92,11.75,-11.74,-22.14,-22.88,-41.95,-40.55,12.85
492,MTCH,"Match Group, Inc.",8427573248,3796101,4.5,2.25,5.59,9.45,11.69,11.5,7.26,-10.04,-7.38,-48.2,-78.14,-57.08
493,CRL,Charles River Laboratories Inte,8275419136,828706,1.0,2.95,6.34,7.86,12.83,18.04,-1.0,-17.25,-23.2,-27.75,-43.49,21.82
494,FRT,Federal Realty Investment Trust,8215970304,688195,0.84,-0.03,0.41,0.77,0.56,0.63,-8.17,-13.74,-0.37,-1.52,9.56,-10.5
495,MKTX,"MarketAxess Holdings, Inc.",8211747328,287520,0.35,-0.14,-1.34,-1.96,-2.03,0.5,13.97,-23.93,-18.73,-16.07,-60.45,-32.6
496,IVZ,Invesco Ltd,7994221056,5242424,6.56,2.65,4.07,10.34,19.83,17.89,1.42,-1.29,18.54,9.54,-15.56,33.51
497,APA,APA Corporation,7361237504,6138526,8.34,-0.24,5.1,11.54,-1.83,17.85,0.17,-15.06,-31.47,-32.74,16.25,-10.34
498,LW,"Lamb Weston Holdings, Inc.",7267495424,2961064,4.07,0.23,0.8,-0.91,-4.76,-3.4,-0.24,-26.33,-49.89,-33.31,-32.4,-24.33
499,MHK,"Mohawk Industries, Inc.",7212872192,782666,1.09,1.34,6.15,8.57,15.65,8.83,-3.2,-28.5,16.66,-8.42,-36.68,-6.85
500,CZR,"Caesars Entertainment, Inc.",6978267648,7537762,10.8,6.49,7.1,10.99,19.13,11.54,-5.15,-30.82,-28.53,-34.9,-66.5,-26.69
501,ENPH,"Enphase Energy, Inc.",5653734912,4812660,8.51,0.28,1.2,8.37,23.05,6.84,-25.05,-53.07,-60.24,-85.83,-76.95,71.4
