,fast_ma,slow_ma,profit,end_capital,number_of_trades
121,1,63,0.055600000000000094,10556,24
6,7,61,0.05249999999999999,10525,22
373,64,66,0.050799999999999956,10508,28
66,7,62,0.043400000000000105,10434,22
60,1,62,0.03849999999999998,10385,26
0,1,61,0.03550000000000009,10355,26
5,6,61,0.030000000000000027,10300,22
183,1,64,0.02859999999999996,10286,26
441,1,68,0.02410000000000001,10241,26
246,1,65,0.020399999999999974,10204,26
310,1,66,0.020399999999999974,10204,26
309,64,65,0.020199999999999996,10202,28
1265,33,79,0.019300000000000095,10193,14
508,1,69,0.019200000000000106,10192,26
65,6,62,0.013600000000000056,10136,22
375,1,67,0.012499999999999956,10125,28
1264,32,79,0.011300000000000088,10113,14
1342,32,80,0.010999999999999899,10110,16
1,2,61,0.010499999999999954,10105,28
1188,33,78,0.010199999999999987,10102,14
1223,68,78,0.007600000000000051,10076,16
9,10,61,0.006899999999999906,10069,16
7,8,61,0.006399999999999961,10064,20
1149,70,77,0.006199999999999983,10062,20
509,2,69,0.005300000000000082,10053,26
577,2,70,0.005300000000000082,10053,26
442,2,68,0.005300000000000082,10053,26
376,2,67,0.004899999999999904,10049,26
1002,72,75,0.0045999999999999375,10046,28
747,33,72,0.0039000000000000146,10039,14
712,68,71,0.0036000000000000476,10036,26
1187,32,78,0.0022999999999999687,10023,14
1224,69,78,0.0020000000000000018,10020,16
126,6,63,0.0017000000000000348,10017,24
63,4,62,0.0015000000000000568,10015,22
646,2,71,-0.0007000000000000339,9993,26
1112,33,77,-0.0016000000000000458,9984,14
576,1,70,-0.0017000000000000348,9983,26
127,7,63,-0.0019000000000000128,9981,20
1319,9,80,-0.0020999999999999908,9979,18
8,9,61,-0.0031999999999999806,9968,16
1066,62,76,-0.0039000000000000146,9961,16
67,8,62,-0.0039000000000000146,9961,20
188,6,64,-0.0043999999999999595,9956,22
124,4,63,-0.005099999999999993,9949,22
1189,34,78,-0.006299999999999972,9937,14
311,2,66,-0.00660000000000005,9934,26
1148,69,77,-0.006900000000000017,9931,16
963,33,75,-0.007000000000000006,9930,14
314,5,66,-0.007600000000000051,9924,22
711,67,71,-0.007800000000000029,9922,24
128,8,63,-0.008199999999999985,9918,20
187,5,64,-0.008299999999999974,9917,22
1233,1,79,-0.008600000000000052,9914,26
251,6,65,-0.008600000000000052,9914,22
64,5,62,-0.008700000000000041,9913,22
250,5,65,-0.009099999999999997,9909,22
1040,36,76,-0.009399999999999964,9906,14
189,7,64,-0.010199999999999987,9898,20
1115,36,77,-0.011099999999999999,9889,14
1266,34,79,-0.011199999999999988,9888,14
1311,1,80,-0.011600000000000055,9884,26
1037,33,76,-0.012800000000000034,9872,14
1344,34,80,-0.013299999999999979,9867,14
1111,32,77,-0.013299999999999979,9867,14
1036,32,76,-0.014100000000000001,9859,14
1300,68,79,-0.01419999999999999,9858,18
704,60,71,-0.014499999999999957,9855,16
1213,58,78,-0.014599999999999946,9854,14
645,1,71,-0.014599999999999946,9854,28
247,2,65,-0.015100000000000002,9849,26
438,64,67,-0.015700000000000047,9843,28
641,66,70,-0.01649999999999996,9835,26
372,63,66,-0.01649999999999996,9835,26
1001,71,75,-0.01649999999999996,9835,24
1082,3,77,-0.016700000000000048,9833,22
639,64,70,-0.017100000000000004,9829,24
993,63,75,-0.017100000000000004,9829,16
1156,1,78,-0.017199999999999993,9828,26
1042,38,76,-0.017199999999999993,9828,14
69,10,62,-0.01749999999999996,9825,16
1150,71,77,-0.01749999999999996,9825,20
507,67,68,-0.017800000000000038,9822,28
819,34,73,-0.018100000000000005,9819,14
1343,33,80,-0.018199999999999994,9818,14
1067,63,76,-0.019199999999999995,9808,16
123,3,63,-0.01970000000000005,9803,24
1000,70,75,-0.01980000000000004,9802,22
3,4,61,-0.020399999999999974,9796,24
125,5,63,-0.020499999999999963,9795,22
379,5,67,-0.02059999999999995,9794,22
1075,71,76,-0.02080000000000004,9792,22
1039,35,76,-0.021100000000000008,9789,14
186,4,64,-0.021199999999999997,9788,22
378,4,67,-0.021199999999999997,9788,22
1114,35,77,-0.021399999999999975,9786,14
748,34,72,-0.021700000000000053,9783,14
1225,70,78,-0.022399999999999975,9776,18
4,5,61,-0.023499999999999965,9765,24
1226,71,78,-0.023800000000000043,9762,20
891,34,74,-0.023800000000000043,9762,14
1065,61,76,-0.023900000000000032,9761,16
568,61,69,-0.023900000000000032,9761,16
1235,3,79,-0.02400000000000002,9760,22
1145,66,77,-0.02410000000000001,9759,16
254,9,65,-0.024499999999999966,9755,16
1074,70,76,-0.024800000000000044,9752,20
1312,2,80,-0.024800000000000044,9752,24
10,11,61,-0.025000000000000022,9750,16
640,65,70,-0.026000000000000023,9740,26
1012,8,76,-0.026100000000000012,9739,20
677,33,71,-0.02629999999999999,9737,14
11,12,61,-0.026599999999999957,9734,16
1138,59,77,-0.026699999999999946,9733,14
1228,73,78,-0.026699999999999946,9733,22
1269,37,79,-0.027100000000000013,9729,14
618,43,70,-0.027100000000000013,9729,14
68,9,62,-0.02739999999999998,9726,16
131,11,63,-0.027699999999999947,9723,16
1068,64,76,-0.027900000000000036,9721,16
992,62,75,-0.027900000000000036,9721,16
1158,3,78,-0.028000000000000025,9720,24
1267,35,79,-0.028100000000000014,9719,14
686,42,71,-0.028100000000000014,9719,14
1190,35,78,-0.028100000000000014,9719,14
248,3,65,-0.028100000000000014,9719,24
787,2,73,-0.028200000000000003,9718,28
716,2,72,-0.028200000000000003,9718,28
890,33,74,-0.028299999999999992,9717,14
312,3,66,-0.028299999999999992,9717,24
1072,68,76,-0.02859999999999996,9714,16
191,9,64,-0.028800000000000048,9712,16
1191,36,78,-0.028900000000000037,9711,14
821,36,73,-0.029100000000000015,9709,14
1064,60,76,-0.029100000000000015,9709,16
1041,37,76,-0.02949999999999997,9705,14
1151,72,77,-0.02959999999999996,9704,24
190,8,64,-0.02959999999999996,9704,20
552,45,69,-0.03059999999999996,9694,14
475,35,68,-0.03090000000000004,9691,14
1116,37,77,-0.03090000000000004,9691,14
1003,73,75,-0.031000000000000028,9690,28
1147,68,77,-0.031000000000000028,9690,16
1113,34,77,-0.031000000000000028,9690,14
678,34,71,-0.031100000000000017,9689,14
1299,67,79,-0.031200000000000006,9688,18
922,65,74,-0.031200000000000006,9688,16
679,35,71,-0.03159999999999996,9684,14
889,32,74,-0.03159999999999996,9684,14
574,67,69,-0.03169999999999995,9683,30
185,3,64,-0.03180000000000005,9682,24
2,3,61,-0.03190000000000004,9681,26
1142,63,77,-0.03210000000000002,9679,16
575,68,69,-0.032200000000000006,9678,28
920,63,74,-0.032299999999999995,9677,16
857,72,73,-0.032399999999999984,9676,28
70,11,62,-0.03249999999999997,9675,16
578,3,70,-0.03249999999999997,9675,26
62,3,62,-0.03259999999999996,9674,26
921,64,74,-0.03290000000000004,9671,16
849,64,73,-0.03290000000000004,9671,16
617,42,70,-0.03290000000000004,9671,14
848,63,73,-0.033299999999999996,9667,16
610,35,70,-0.033299999999999996,9667,14
895,38,74,-0.03369999999999995,9663,14
1043,39,76,-0.03369999999999995,9663,14
709,65,71,-0.03380000000000005,9662,20
1143,64,77,-0.03380000000000005,9662,16
1318,8,80,-0.03390000000000004,9661,20
708,64,71,-0.03400000000000003,9660,20
919,62,74,-0.03410000000000002,9659,16
436,62,67,-0.03420000000000001,9658,24
313,4,66,-0.0343,9657,22
420,46,67,-0.0343,9657,14
419,45,67,-0.0343,9657,14
1139,60,77,-0.03469999999999995,9653,16
1117,38,77,-0.03480000000000005,9652,14
756,42,72,-0.03500000000000003,9650,14
687,43,71,-0.03500000000000003,9650,14
827,42,73,-0.03510000000000002,9649,14
818,33,73,-0.03520000000000001,9648,14
550,43,69,-0.03539999999999999,9646,14
129,9,63,-0.03539999999999999,9646,16
193,11,64,-0.035699999999999954,9643,16
418,44,67,-0.03600000000000003,9640,14
710,66,71,-0.0363,9637,24
856,71,73,-0.036599999999999966,9634,30
485,45,68,-0.036800000000000055,9632,14
636,61,70,-0.03700000000000003,9630,16
824,39,73,-0.0373,9627,14
937,7,75,-0.0373,9627,20
1222,67,78,-0.03739999999999999,9626,18
1322,12,80,-0.03739999999999999,9626,18
380,6,67,-0.03749999999999998,9625,20
647,3,71,-0.03749999999999998,9625,26
551,44,69,-0.03749999999999998,9625,14
61,2,62,-0.037699999999999956,9623,30
938,8,75,-0.037699999999999956,9623,20
929,72,74,-0.037799999999999945,9622,30
619,44,70,-0.037799999999999945,9622,14
504,64,68,-0.037900000000000045,9621,24
927,70,74,-0.038000000000000034,9620,26
345,36,66,-0.0383,9617,14
638,63,70,-0.03859999999999997,9614,18
994,64,75,-0.03859999999999997,9614,16
1076,72,76,-0.03869999999999996,9613,24
1038,34,76,-0.03979999999999995,9602,14
746,32,72,-0.03990000000000005,9601,14
967,37,75,-0.040000000000000036,9600,14
1185,30,78,-0.040200000000000014,9598,14
609,34,70,-0.04059999999999997,9594,14
1298,66,79,-0.04069999999999996,9593,16
484,44,68,-0.041000000000000036,9590,14
249,4,65,-0.041000000000000036,9590,22
995,65,75,-0.041200000000000014,9588,16
717,3,72,-0.0413,9587,26
450,10,68,-0.04139999999999999,9586,16
1229,74,78,-0.04149999999999998,9585,24
1214,59,78,-0.04159999999999997,9584,16
1087,8,77,-0.04159999999999997,9584,20
253,8,65,-0.04190000000000005,9581,20
1073,69,76,-0.04200000000000004,9580,20
1268,36,79,-0.042200000000000015,9578,14
635,60,70,-0.042300000000000004,9577,16
964,34,75,-0.04249999999999998,9575,14
817,32,73,-0.04269999999999996,9573,14
644,69,70,-0.04300000000000004,9570,26
513,6,69,-0.04390000000000005,9561,20
962,32,75,-0.04390000000000005,9561,14
219,37,64,-0.04390000000000005,9561,14
688,44,71,-0.04400000000000004,9560,14
754,40,72,-0.04410000000000003,9559,14
928,71,74,-0.044300000000000006,9557,26
377,3,67,-0.044300000000000006,9557,24
777,63,72,-0.044499999999999984,9555,16
968,38,75,-0.04490000000000005,9551,14
476,36,68,-0.04530000000000001,9547,14
317,8,66,-0.04530000000000001,9547,20
486,46,68,-0.04530000000000001,9547,14
1193,38,78,-0.045399999999999996,9546,14
281,36,65,-0.045399999999999996,9546,14
642,67,70,-0.045599999999999974,9544,28
969,39,75,-0.04569999999999996,9543,16
1186,31,78,-0.04600000000000004,9540,14
252,7,65,-0.04610000000000003,9539,20
707,63,71,-0.04610000000000003,9539,16
437,63,67,-0.04620000000000002,9538,24
443,3,68,-0.0464,9536,26
184,2,64,-0.046499999999999986,9535,28
355,46,66,-0.046599999999999975,9534,14
218,36,64,-0.046599999999999975,9534,14
542,35,69,-0.04679999999999995,9532,14
705,61,71,-0.04690000000000005,9531,16
1192,37,78,-0.04690000000000005,9531,14
991,61,75,-0.04700000000000004,9530,16
757,43,72,-0.04710000000000003,9529,14
850,65,73,-0.04720000000000002,9528,16
778,64,72,-0.04730000000000001,9527,16
1313,3,80,-0.0474,9526,24
822,37,73,-0.0474,9526,14
1327,17,80,-0.04749999999999999,9525,14
1323,13,80,-0.04749999999999999,9525,18
706,62,71,-0.04749999999999999,9525,16
308,63,65,-0.04810000000000003,9519,28
256,11,65,-0.04820000000000002,9518,16
444,4,68,-0.04820000000000002,9518,24
1345,35,80,-0.04830000000000001,9517,14
1140,61,77,-0.0484,9516,16
1137,58,77,-0.04859999999999998,9514,14
899,42,74,-0.04859999999999998,9514,14
1239,7,79,-0.04859999999999998,9514,20
703,59,71,-0.04859999999999998,9514,16
446,6,68,-0.048699999999999966,9513,20
887,30,74,-0.048799999999999955,9512,14
616,41,70,-0.04910000000000003,9509,14
1297,65,79,-0.0494,9506,16
826,41,73,-0.0494,9506,14
315,6,66,-0.0494,9506,20
384,10,67,-0.04959999999999998,9504,16
12,13,61,-0.04959999999999998,9504,16
855,70,73,-0.05049999999999999,9495,26
1262,30,79,-0.05059999999999998,9494,16
893,36,74,-0.05069999999999997,9493,14
571,64,69,-0.05069999999999997,9493,24
1141,62,77,-0.050799999999999956,9492,16
825,40,73,-0.050899999999999945,9491,14
1244,12,79,-0.051000000000000045,9490,18
1221,66,78,-0.05120000000000002,9488,16
1110,31,77,-0.05149999999999999,9485,14
511,4,69,-0.05149999999999999,9485,26
1215,60,78,-0.05159999999999998,9484,16
280,35,65,-0.05159999999999998,9484,14
510,3,69,-0.05159999999999998,9484,26
502,62,68,-0.05169999999999997,9483,22
482,42,68,-0.05169999999999997,9483,14
1347,37,80,-0.05169999999999997,9483,14
1317,7,80,-0.051899999999999946,9481,20
579,4,70,-0.052000000000000046,9480,26
972,42,75,-0.052000000000000046,9480,14
918,61,74,-0.052000000000000046,9480,16
1088,9,77,-0.052100000000000035,9479,20
608,33,70,-0.05230000000000001,9477,14
1077,73,76,-0.05230000000000001,9477,26
845,60,73,-0.05230000000000001,9477,16
990,60,75,-0.05259999999999998,9474,16
1080,1,77,-0.05259999999999998,9474,30
1044,40,76,-0.05279999999999996,9472,16
1321,11,80,-0.05279999999999996,9472,18
382,8,67,-0.05289999999999995,9471,20
1217,62,78,-0.05300000000000005,9470,16
483,43,68,-0.053100000000000036,9469,14
1240,8,79,-0.053200000000000025,9468,20
71,12,62,-0.05349999999999999,9465,16
122,2,63,-0.05359999999999998,9464,30
569,62,69,-0.05359999999999998,9464,18
1220,65,78,-0.05369999999999997,9463,16
685,41,71,-0.05389999999999995,9461,14
1194,39,78,-0.05400000000000005,9460,14
1070,66,76,-0.054300000000000015,9457,18
1152,73,77,-0.054400000000000004,9456,24
961,31,75,-0.054400000000000004,9456,14
503,63,68,-0.05479999999999996,9452,24
930,73,74,-0.05479999999999996,9452,28
549,42,69,-0.05479999999999996,9452,14
896,39,74,-0.05489999999999995,9451,14
894,37,74,-0.05489999999999995,9451,14
1346,36,80,-0.05520000000000003,9448,14
132,12,63,-0.05600000000000005,9440,16
971,41,75,-0.05630000000000002,9437,14
1241,9,79,-0.056599999999999984,9434,20
448,8,68,-0.056599999999999984,9434,20
1144,65,77,-0.05669999999999997,9433,16
965,35,75,-0.05689999999999995,9431,14
1062,58,76,-0.05700000000000005,9430,14
374,65,66,-0.05700000000000005,9430,30
541,34,69,-0.05730000000000002,9427,14
217,35,64,-0.057499999999999996,9425,14
1316,6,80,-0.057499999999999996,9425,20
987,57,75,-0.057699999999999974,9423,14
156,36,63,-0.057699999999999974,9423,16
1350,40,80,-0.05820000000000003,9418,14
898,41,74,-0.05840000000000001,9416,14
755,41,72,-0.058599999999999985,9414,14
966,36,75,-0.058699999999999974,9413,14
515,8,69,-0.05900000000000005,9410,20
307,62,65,-0.05910000000000004,9409,26
1163,8,78,-0.05910000000000004,9409,20
939,9,75,-0.05930000000000002,9407,20
676,32,71,-0.05930000000000002,9407,14
282,37,65,-0.05930000000000002,9407,14
445,5,68,-0.05940000000000001,9406,22
892,35,74,-0.05940000000000001,9406,14
512,5,69,-0.05940000000000001,9406,22
1227,72,78,-0.0595,9405,20
888,31,74,-0.06010000000000004,9399,14
620,45,70,-0.06010000000000004,9399,14
344,35,66,-0.06030000000000002,9397,14
72,13,62,-0.06040000000000001,9396,16
851,66,73,-0.060799999999999965,9392,20
714,70,71,-0.060799999999999965,9392,26
1165,10,78,-0.060899999999999954,9391,20
750,36,72,-0.06120000000000003,9388,14
1069,65,76,-0.06159999999999999,9384,16
1118,39,77,-0.06169999999999998,9383,14
886,29,74,-0.061799999999999966,9382,14
1167,12,78,-0.061899999999999955,9381,18
1164,9,78,-0.062100000000000044,9379,20
773,59,72,-0.06220000000000003,9378,16
1004,74,75,-0.06220000000000003,9378,26
1035,31,76,-0.06220000000000003,9378,14
157,37,63,-0.06259999999999999,9374,16
1109,30,77,-0.06289999999999996,9371,14
1045,41,76,-0.06369999999999998,9363,14
1063,59,76,-0.06379999999999997,9362,14
1119,40,77,-0.06430000000000002,9357,14
1184,29,78,-0.06440000000000001,9356,14
960,30,75,-0.0645,9355,14
897,40,74,-0.06459999999999999,9354,14
749,35,72,-0.06469999999999998,9353,14
1090,11,77,-0.06479999999999997,9352,18
585,10,70,-0.06479999999999997,9352,20
1146,67,77,-0.06489999999999996,9351,18
414,40,67,-0.06489999999999996,9351,14
1320,10,80,-0.06510000000000005,9349,18
543,36,69,-0.06530000000000002,9347,14
319,10,66,-0.0655,9345,16
517,10,69,-0.06559999999999999,9344,18
320,11,66,-0.06579999999999997,9342,16
158,38,63,-0.06589999999999996,9341,16
318,9,66,-0.06610000000000005,9339,16
316,7,66,-0.06620000000000004,9338,20
989,59,75,-0.06630000000000003,9337,14
816,31,73,-0.06640000000000001,9336,14
570,63,69,-0.06669999999999998,9333,22
782,68,72,-0.06699999999999995,9330,24
292,47,65,-0.06720000000000004,9328,14
381,7,67,-0.06720000000000004,9328,20
1234,2,79,-0.06730000000000003,9327,24
681,37,71,-0.06740000000000002,9326,14
854,69,73,-0.06769999999999998,9323,26
970,40,75,-0.06779999999999997,9322,14
958,28,75,-0.06799999999999995,9320,14
1083,4,77,-0.06810000000000005,9319,20
584,9,70,-0.06820000000000004,9318,20
371,62,66,-0.06820000000000004,9318,24
634,59,70,-0.06840000000000002,9316,16
1166,11,78,-0.0685,9315,18
683,39,71,-0.0685,9315,14
653,9,71,-0.06879999999999997,9312,20
997,67,75,-0.06879999999999997,9312,16
545,38,69,-0.06889999999999996,9311,14
1086,7,77,-0.06889999999999996,9311,20
548,41,69,-0.0695,9305,14
1272,40,79,-0.0696,9304,14
828,43,73,-0.06969999999999998,9303,14
474,34,68,-0.06969999999999998,9303,14
410,36,67,-0.06979999999999997,9302,14
409,35,67,-0.06999999999999995,9300,14
1162,7,78,-0.07020000000000004,9298,20
408,34,67,-0.07020000000000004,9298,14
255,10,65,-0.07030000000000003,9297,16
192,10,64,-0.07030000000000003,9297,16
1341,31,80,-0.07040000000000002,9296,16
1339,29,80,-0.0706,9294,16
1270,38,79,-0.0706,9294,14
846,61,73,-0.07069999999999999,9293,16
613,38,70,-0.07069999999999999,9293,14
999,69,75,-0.07079999999999997,9292,20
713,69,71,-0.07089999999999996,9291,26
439,65,67,-0.07140000000000002,9286,28
194,12,64,-0.07140000000000002,9286,16
815,30,73,-0.07150000000000001,9285,14
1157,2,78,-0.07150000000000001,9285,26
447,7,68,-0.0716,9284,20
959,29,75,-0.07189999999999996,9281,14
1243,11,79,-0.07199999999999995,9280,18
926,69,74,-0.07210000000000005,9279,22
449,9,68,-0.07210000000000005,9279,20
917,60,74,-0.07250000000000001,9275,16
1032,28,76,-0.07279999999999998,9272,14
130,10,63,-0.07279999999999998,9272,16
1271,39,79,-0.07299999999999995,9270,14
514,7,69,-0.07310000000000005,9269,20
1340,30,80,-0.07340000000000002,9266,16
785,71,72,-0.07350000000000001,9265,28
479,39,68,-0.07369999999999999,9263,14
847,62,73,-0.07369999999999999,9263,16
257,12,65,-0.07420000000000004,9258,16
788,3,73,-0.07440000000000002,9256,28
1034,30,76,-0.07440000000000002,9256,14
1236,4,79,-0.0746,9254,20
1238,6,79,-0.07499999999999996,9250,20
245,63,64,-0.07530000000000003,9247,24
291,46,65,-0.07530000000000003,9247,14
411,37,67,-0.07540000000000002,9246,14
343,34,66,-0.07540000000000002,9246,14
581,6,70,-0.07550000000000001,9245,20
1033,29,76,-0.0756,9244,14
1108,29,77,-0.07589999999999997,9241,14
580,5,70,-0.07620000000000005,9238,26
1242,10,79,-0.07620000000000005,9238,18
614,39,70,-0.0766,9234,14
290,45,65,-0.0766,9234,14
752,38,72,-0.07679999999999998,9232,14
776,62,72,-0.07689999999999997,9231,16
385,11,67,-0.07699999999999996,9230,16
1089,10,77,-0.07750000000000001,9225,20
784,70,72,-0.07779999999999998,9222,26
900,43,74,-0.07809999999999995,9219,14
758,44,72,-0.07809999999999995,9219,14
1212,57,78,-0.07809999999999995,9219,14
915,58,74,-0.07850000000000001,9215,14
1324,14,80,-0.07869999999999999,9213,16
451,11,68,-0.07869999999999999,9213,16
505,65,68,-0.07869999999999999,9213,28
1349,39,80,-0.07889999999999997,9211,14
632,57,70,-0.07889999999999997,9211,16
228,46,64,-0.07899999999999996,9210,14
1237,5,79,-0.07899999999999996,9210,20
1292,60,79,-0.07899999999999996,9210,16
772,58,72,-0.07899999999999996,9210,16
1154,75,77,-0.07920000000000005,9208,28
1013,9,76,-0.07930000000000004,9207,20
1079,75,76,-0.07940000000000003,9206,26
1216,61,78,-0.07940000000000003,9206,16
654,10,71,-0.07950000000000002,9205,20
383,9,67,-0.0796,9204,18
516,9,69,-0.07979999999999998,9202,20
823,38,73,-0.07989999999999997,9201,14
583,8,70,-0.07989999999999997,9201,20
1159,4,78,-0.08009999999999995,9199,20
582,7,70,-0.08009999999999995,9199,20
715,1,72,-0.08040000000000003,9196,30
745,31,72,-0.08050000000000002,9195,14
1245,13,79,-0.0806,9194,18
1011,7,76,-0.0807,9193,20
1014,10,76,-0.08079999999999998,9192,20
99,40,62,-0.08079999999999998,9192,16
940,10,75,-0.08079999999999998,9192,20
540,33,69,-0.08089999999999997,9191,14
649,5,71,-0.08099999999999996,9190,26
1071,67,76,-0.08120000000000005,9188,16
354,45,66,-0.08120000000000005,9188,14
1218,63,78,-0.08130000000000004,9187,16
340,31,66,-0.08130000000000004,9187,14
1293,61,79,-0.08140000000000003,9186,16
1168,13,78,-0.08150000000000002,9185,16
774,60,72,-0.08189999999999997,9181,16
279,34,65,-0.08220000000000005,9178,14
637,62,70,-0.08220000000000005,9178,16
500,60,68,-0.08240000000000003,9176,16
859,2,74,-0.08250000000000002,9175,28
775,61,72,-0.08289999999999997,9171,16
1160,5,78,-0.08299999999999996,9170,20
655,11,71,-0.08299999999999996,9170,16
1153,74,77,-0.08299999999999996,9170,24
1296,64,79,-0.08309999999999995,9169,16
914,57,74,-0.08330000000000004,9167,14
1315,5,80,-0.08340000000000003,9166,20
853,68,73,-0.08360000000000001,9164,22
1084,5,77,-0.08360000000000001,9164,22
1107,28,77,-0.08379999999999999,9162,14
643,68,70,-0.08389999999999997,9161,28
779,65,72,-0.08399999999999996,9160,18
480,40,68,-0.08409999999999995,9159,14
786,1,73,-0.08430000000000004,9157,30
1081,2,77,-0.08430000000000004,9157,26
1314,4,80,-0.08440000000000003,9156,20
1332,22,80,-0.0847,9153,14
916,59,74,-0.08509999999999995,9149,16
843,58,73,-0.08520000000000005,9148,14
885,28,74,-0.08609999999999995,9139,14
751,37,72,-0.08609999999999995,9139,14
1261,29,79,-0.08640000000000003,9136,16
547,40,69,-0.08660000000000001,9134,14
13,14,61,-0.0867,9133,16
404,30,67,-0.0867,9133,14
682,38,71,-0.08689999999999998,9131,14
932,2,75,-0.08709999999999996,9129,28
1006,2,76,-0.08709999999999996,9129,28
403,29,67,-0.0877,9123,14
702,58,71,-0.08779999999999999,9122,16
286,41,65,-0.08789999999999998,9121,14
1120,41,77,-0.08819999999999995,9118,16
356,47,66,-0.08819999999999995,9118,14
1329,19,80,-0.08819999999999995,9118,14
680,36,71,-0.08830000000000005,9117,14
518,11,69,-0.08840000000000003,9116,16
546,39,69,-0.08840000000000003,9116,14
651,7,71,-0.08850000000000002,9115,22
1219,64,78,-0.08850000000000002,9115,16
1348,38,80,-0.08860000000000001,9114,14
417,43,67,-0.08860000000000001,9114,14
925,68,74,-0.08899999999999997,9110,20
321,12,66,-0.08919999999999995,9108,16
998,68,75,-0.08950000000000002,9105,20
370,61,66,-0.08950000000000002,9105,24
341,32,66,-0.0897,9103,14
1195,40,78,-0.0897,9103,14
1136,57,77,-0.08989999999999998,9101,14
1263,31,79,-0.08989999999999998,9101,16
405,31,67,-0.09040000000000004,9096,14
229,47,64,-0.09050000000000002,9095,14
1326,16,80,-0.0907,9093,16
604,29,70,-0.0907,9093,14
586,11,70,-0.09079999999999999,9092,16
794,9,73,-0.09099999999999997,9090,20
159,39,63,-0.09099999999999997,9090,16
470,30,68,-0.09109999999999996,9089,14
923,66,74,-0.09109999999999996,9089,16
1254,22,79,-0.09109999999999996,9089,14
567,60,69,-0.09119999999999995,9088,16
1008,4,76,-0.09130000000000005,9087,26
743,29,72,-0.09130000000000005,9087,14
973,43,75,-0.09140000000000004,9086,14
820,35,73,-0.09150000000000003,9085,14
536,29,69,-0.0917,9083,14
633,58,70,-0.09179999999999999,9082,16
283,38,65,-0.09189999999999998,9081,14
864,7,74,-0.09189999999999998,9081,22
720,6,72,-0.09189999999999998,9081,22
668,24,71,-0.09209999999999996,9079,14
469,29,68,-0.09250000000000003,9075,14
783,69,72,-0.0927,9073,26
1295,63,79,-0.09350000000000003,9065,16
1060,56,76,-0.09360000000000002,9064,14
339,30,66,-0.09360000000000002,9064,16
719,5,72,-0.0937,9063,26
1031,27,76,-0.09389999999999998,9061,14
1046,42,76,-0.09399999999999997,9060,14
285,40,65,-0.09430000000000005,9057,14
413,39,67,-0.09430000000000005,9057,14
1330,20,80,-0.09440000000000004,9056,14
1010,6,76,-0.09440000000000004,9056,20
220,38,64,-0.09450000000000003,9055,14
36,37,61,-0.09450000000000003,9055,16
1246,14,79,-0.09460000000000002,9054,16
1196,41,78,-0.09489999999999998,9051,14
742,28,72,-0.09489999999999998,9051,14
844,59,73,-0.09489999999999998,9051,16
813,28,73,-0.09489999999999998,9051,14
353,44,66,-0.09499999999999997,9050,14
1176,21,78,-0.09519999999999995,9048,14
537,30,69,-0.09519999999999995,9048,14
38,39,61,-0.09519999999999995,9048,16
1169,14,78,-0.09530000000000005,9047,16
1253,21,79,-0.09540000000000004,9046,14
477,37,68,-0.09540000000000004,9046,14
957,27,75,-0.09550000000000003,9045,14
1179,24,78,-0.09589999999999999,9041,14
1005,1,76,-0.09589999999999999,9041,32
350,41,66,-0.09599999999999997,9040,14
701,57,71,-0.09609999999999996,9039,14
723,9,72,-0.09619999999999995,9038,20
672,28,71,-0.09630000000000005,9037,14
652,8,71,-0.09630000000000005,9037,20
1255,23,79,-0.09650000000000003,9035,14
535,28,69,-0.09650000000000003,9035,14
1078,74,76,-0.09660000000000002,9034,28
650,6,71,-0.09660000000000002,9034,22
1389,79,80,-0.09660000000000002,9034,26
615,40,70,-0.09670000000000001,9033,14
684,40,71,-0.09670000000000001,9033,14
791,6,73,-0.09670000000000001,9033,22
724,10,72,-0.09709999999999996,9029,20
814,29,73,-0.09719999999999995,9028,14
603,28,70,-0.09730000000000005,9027,14
572,65,69,-0.09740000000000004,9026,26
858,1,74,-0.09789999999999999,9021,30
1333,23,80,-0.09799999999999998,9020,14
1310,78,79,-0.09809999999999997,9019,26
1106,27,77,-0.09809999999999997,9019,14
468,28,68,-0.09819999999999995,9018,14
738,24,72,-0.09840000000000004,9016,14
884,27,74,-0.0988,9012,14
288,43,65,-0.09909999999999997,9009,14
721,7,72,-0.09909999999999997,9009,22
346,37,66,-0.09919999999999995,9008,14
1256,24,79,-0.09930000000000005,9007,14
1028,24,76,-0.09970000000000001,9003,14
1177,22,78,-0.09970000000000001,9003,14
39,40,61,-0.0998,9002,16
812,27,73,-0.09989999999999999,9001,14
349,40,66,-0.09989999999999999,9001,14
96,37,62,-0.10019999999999996,8998,16
792,7,73,-0.10070000000000001,8993,22
673,29,71,-0.10070000000000001,8993,14
352,43,66,-0.1008,8992,14
471,31,68,-0.10089999999999999,8991,14
168,48,63,-0.10129999999999995,8987,14
506,66,68,-0.10129999999999995,8987,28
1248,16,79,-0.10160000000000002,8984,16
133,13,63,-0.10160000000000002,8984,16
1331,21,80,-0.10170000000000001,8983,14
430,56,67,-0.1018,8982,16
1085,6,77,-0.1018,8982,20
1180,25,78,-0.10189999999999999,8981,14
1009,5,76,-0.10199999999999998,8980,24
671,27,71,-0.10209999999999997,8979,14
790,5,73,-0.10229999999999995,8977,26
37,38,61,-0.10240000000000005,8976,16
602,27,70,-0.10289999999999999,8971,14
1016,12,76,-0.10299999999999998,8970,18
1105,26,77,-0.10299999999999998,8970,14
534,27,69,-0.10319999999999996,8968,14
1102,23,77,-0.10329999999999995,8967,14
360,51,66,-0.10340000000000005,8966,14
753,39,72,-0.10340000000000005,8966,14
722,8,72,-0.10350000000000004,8965,20
1025,21,76,-0.10350000000000004,8965,14
258,13,65,-0.10350000000000004,8965,16
1294,62,79,-0.1038,8962,16
956,26,75,-0.1038,8962,14
986,56,75,-0.10389999999999999,8961,14
368,59,66,-0.10399999999999998,8960,20
351,42,66,-0.10399999999999998,8960,14
674,30,71,-0.10399999999999998,8960,14
435,61,67,-0.10429999999999995,8957,20
1100,21,77,-0.10429999999999995,8957,14
954,24,75,-0.10460000000000003,8954,14
1335,25,80,-0.1048,8952,16
348,39,66,-0.1049,8951,14
942,12,75,-0.1049,8951,16
1328,18,80,-0.10499999999999998,8950,14
810,25,73,-0.10519999999999996,8948,14
481,41,68,-0.10529999999999995,8947,14
739,25,72,-0.10540000000000005,8946,14
221,39,64,-0.10540000000000005,8946,14
1101,22,77,-0.10540000000000005,8946,14
1103,24,77,-0.10540000000000005,8946,14
544,37,69,-0.10570000000000002,8943,14
196,14,64,-0.10570000000000002,8943,16
538,31,69,-0.1058,8942,14
499,59,68,-0.1058,8942,16
553,46,69,-0.1058,8942,14
1178,23,78,-0.1059,8941,14
605,30,70,-0.1059,8941,14
866,9,74,-0.10640000000000005,8936,22
478,38,68,-0.1069,8931,14
1026,22,76,-0.1069,8931,14
412,38,67,-0.1069,8931,14
600,25,70,-0.10709999999999997,8929,14
564,57,69,-0.10709999999999997,8929,16
780,66,72,-0.10729999999999995,8927,20
882,25,74,-0.10740000000000005,8926,14
1093,14,77,-0.10740000000000005,8926,16
1231,76,78,-0.10750000000000004,8925,24
1161,6,78,-0.10760000000000003,8924,20
744,30,72,-0.10760000000000003,8924,14
612,37,70,-0.10770000000000002,8923,14
669,25,71,-0.1078,8922,14
1170,15,78,-0.1078,8922,16
880,23,74,-0.1079,8921,14
367,58,66,-0.1079,8921,18
406,32,67,-0.10809999999999997,8919,14
1250,18,79,-0.10809999999999997,8919,14
47,48,61,-0.1089,8911,16
793,8,73,-0.1089,8911,22
865,8,74,-0.1089,8911,22
347,38,66,-0.10899999999999999,8910,14
811,26,73,-0.10919999999999996,8908,14
496,56,68,-0.10950000000000004,8905,16
795,10,73,-0.10950000000000004,8905,20
881,24,74,-0.10950000000000004,8905,14
296,51,65,-0.10960000000000003,8904,14
297,52,65,-0.10970000000000002,8903,14
648,4,71,-0.10980000000000001,8902,26
227,45,64,-0.1099,8901,14
829,44,73,-0.10999999999999999,8900,14
740,26,72,-0.10999999999999999,8900,14
1027,23,76,-0.11009999999999998,8899,14
737,23,72,-0.11009999999999998,8899,14
808,23,73,-0.11029999999999995,8897,14
386,12,67,-0.11040000000000005,8896,16
1334,24,80,-0.11040000000000005,8896,16
725,11,72,-0.11050000000000004,8895,20
1252,20,79,-0.11070000000000002,8893,14
771,57,72,-0.1109,8891,14
718,4,72,-0.11099999999999999,8890,26
195,13,64,-0.11099999999999999,8890,16
432,58,67,-0.11119999999999997,8888,16
298,53,65,-0.11140000000000005,8886,16
473,33,68,-0.11150000000000004,8885,14
607,32,70,-0.11150000000000004,8885,14
1182,27,78,-0.11160000000000003,8884,16
1257,25,79,-0.11160000000000003,8884,16
362,53,66,-0.11170000000000002,8883,14
322,13,66,-0.1119,8881,16
1030,26,76,-0.11199999999999999,8880,14
601,26,70,-0.11199999999999999,8880,14
1104,25,77,-0.11199999999999999,8880,14
951,21,75,-0.11199999999999999,8880,14
741,27,72,-0.11209999999999998,8879,14
1092,13,77,-0.11229999999999996,8877,16
809,24,73,-0.11240000000000006,8876,14
1017,13,76,-0.11250000000000004,8875,16
284,39,65,-0.11260000000000003,8874,14
224,42,64,-0.11260000000000003,8874,14
453,13,68,-0.11270000000000002,8873,16
670,26,71,-0.11270000000000002,8873,14
387,13,67,-0.11299999999999999,8870,16
996,66,75,-0.11309999999999998,8869,16
1099,20,77,-0.11319999999999997,8868,14
931,1,75,-0.11380000000000001,8862,32
423,49,67,-0.11399999999999999,8860,14
807,22,73,-0.11409999999999998,8859,14
1175,20,78,-0.11409999999999998,8859,14
97,38,62,-0.11419999999999997,8858,16
1251,19,79,-0.11419999999999997,8858,14
215,33,64,-0.11429999999999996,8857,16
402,28,67,-0.11429999999999996,8857,16
566,59,69,-0.11450000000000005,8855,16
433,59,67,-0.11509999999999998,8849,18
533,26,69,-0.11519999999999997,8848,14
878,21,74,-0.11519999999999997,8848,16
840,55,73,-0.11529999999999996,8847,14
1325,15,80,-0.11529999999999996,8847,16
789,4,73,-0.11539999999999995,8846,28
861,4,74,-0.11539999999999995,8846,28
689,45,71,-0.11570000000000003,8843,14
1338,28,80,-0.11580000000000001,8842,16
611,36,70,-0.1159,8841,14
73,14,62,-0.11629999999999996,8837,16
342,33,66,-0.11639999999999995,8836,14
14,15,61,-0.11639999999999995,8836,16
440,66,67,-0.11650000000000005,8835,28
1029,25,76,-0.11680000000000001,8832,14
295,50,65,-0.11699999999999999,8830,14
911,54,74,-0.11709999999999998,8829,14
852,67,73,-0.11719999999999997,8828,20
621,46,70,-0.11719999999999997,8828,14
234,52,64,-0.11739999999999995,8826,16
465,25,68,-0.118,8820,16
452,12,68,-0.11819999999999997,8818,16
1172,17,78,-0.11839999999999995,8816,16
1061,57,76,-0.11860000000000004,8814,14
134,14,63,-0.11860000000000004,8814,16
223,41,64,-0.119,8810,14
214,32,64,-0.11929999999999996,8807,16
883,26,74,-0.11950000000000005,8805,14
952,22,75,-0.11960000000000004,8804,14
599,24,70,-0.11980000000000002,8802,16
606,31,70,-0.12009999999999998,8799,14
416,42,67,-0.12019999999999997,8798,14
690,46,71,-0.12039999999999995,8796,14
759,45,72,-0.12039999999999995,8796,14
1230,75,78,-0.12070000000000003,8793,24
488,48,68,-0.12070000000000003,8793,14
107,48,62,-0.12080000000000002,8792,16
953,23,75,-0.12090000000000001,8791,14
770,56,72,-0.12109999999999999,8789,14
1135,56,77,-0.12109999999999999,8789,14
1181,26,78,-0.12119999999999997,8788,16
1351,41,80,-0.12129999999999996,8787,14
519,12,69,-0.12139999999999995,8786,16
933,3,75,-0.12150000000000005,8785,28
361,52,66,-0.12160000000000004,8784,14
277,32,65,-0.12219999999999998,8778,16
860,3,74,-0.12229999999999996,8777,28
554,47,69,-0.12239999999999995,8776,14
400,26,67,-0.12290000000000001,8771,16
287,42,65,-0.12290000000000001,8771,14
1007,3,76,-0.12309999999999999,8769,28
988,58,75,-0.12350000000000005,8765,14
1260,28,79,-0.12350000000000005,8765,16
244,62,64,-0.12390000000000001,8761,28
487,47,68,-0.124,8760,14
573,66,69,-0.12429999999999997,8757,26
1249,17,79,-0.12439999999999996,8756,16
1183,28,78,-0.12460000000000004,8754,16
359,50,66,-0.12470000000000003,8753,14
431,57,67,-0.12480000000000002,8752,16
407,33,67,-0.12490000000000001,8751,14
289,44,65,-0.1251,8749,14
415,41,67,-0.12539999999999996,8746,14
842,57,73,-0.12549999999999994,8745,14
675,31,71,-0.12549999999999994,8745,14
434,60,67,-0.12549999999999994,8745,20
1018,14,76,-0.12560000000000004,8744,18
1059,55,76,-0.126,8740,14
879,22,74,-0.126,8740,14
422,48,67,-0.1261,8739,14
95,36,62,-0.12629999999999997,8737,16
230,48,64,-0.12629999999999997,8737,14
1174,19,78,-0.12629999999999997,8737,14
472,32,68,-0.12639999999999996,8736,14
1091,12,77,-0.12649999999999995,8735,18
98,39,62,-0.12660000000000005,8734,16
1258,26,79,-0.12739999999999996,8726,16
222,40,64,-0.12749999999999995,8725,14
1303,71,79,-0.12760000000000005,8724,16
955,25,75,-0.12770000000000004,8723,14
357,48,66,-0.1279,8721,14
421,47,67,-0.128,8720,14
35,36,61,-0.1281,8719,16
1380,70,80,-0.12839999999999996,8716,14
399,25,67,-0.12929999999999997,8707,16
358,49,66,-0.13019999999999998,8698,14
913,56,74,-0.13029999999999997,8697,14
466,26,68,-0.13080000000000003,8692,16
869,12,74,-0.13160000000000005,8684,18
276,31,65,-0.13180000000000003,8682,16
532,25,69,-0.13180000000000003,8682,16
1336,26,80,-0.13190000000000002,8681,16
401,27,67,-0.13190000000000002,8681,16
934,4,75,-0.132,8680,28
781,67,72,-0.1321,8679,22
622,47,70,-0.13239999999999996,8676,14
1337,27,80,-0.13270000000000004,8673,16
565,58,69,-0.13290000000000002,8671,16
1379,69,80,-0.13290000000000002,8671,14
1302,70,79,-0.133,8670,14
501,61,68,-0.1331,8669,20
306,61,65,-0.1331,8669,24
862,5,74,-0.13339999999999996,8666,26
769,55,72,-0.13349999999999995,8665,14
369,60,66,-0.13370000000000004,8663,20
656,12,71,-0.13380000000000003,8662,16
1132,53,77,-0.134,8660,14
1273,41,79,-0.13419999999999999,8658,14
160,40,63,-0.13429999999999997,8657,16
531,24,69,-0.13429999999999997,8657,16
631,56,70,-0.13439999999999996,8656,14
1134,55,77,-0.13439999999999996,8656,14
1155,76,77,-0.13449999999999995,8655,24
944,14,75,-0.13470000000000004,8653,16
1024,20,76,-0.13470000000000004,8653,16
293,48,65,-0.13480000000000003,8652,14
425,51,67,-0.1352,8648,14
364,55,66,-0.13539999999999996,8646,16
796,11,73,-0.13549999999999995,8645,20
1058,54,76,-0.13580000000000003,8642,14
539,32,69,-0.13580000000000003,8642,14
1276,44,79,-0.13580000000000003,8642,14
1259,27,79,-0.136,8640,16
667,23,71,-0.136,8640,16
467,27,68,-0.136,8640,16
868,11,74,-0.13680000000000003,8632,20
15,16,61,-0.13680000000000003,8632,16
74,15,62,-0.13749999999999996,8625,16
867,10,74,-0.13880000000000003,8612,20
299,54,65,-0.13890000000000002,8611,16
520,13,69,-0.139,8610,16
588,13,70,-0.139,8610,16
489,49,68,-0.13939999999999997,8606,14
300,55,65,-0.13990000000000002,8601,18
924,67,74,-0.14,8600,20
1096,17,77,-0.14,8600,16
1382,72,80,-0.14,8600,16
1015,11,76,-0.14029999999999998,8597,20
303,58,65,-0.14029999999999998,8597,20
48,49,61,-0.14070000000000005,8593,18
491,51,68,-0.14070000000000005,8593,14
587,12,70,-0.14080000000000004,8592,16
598,23,70,-0.14090000000000003,8591,16
1301,69,79,-0.1411,8589,14
1098,19,77,-0.1412,8588,16
135,15,63,-0.14139999999999997,8586,16
498,58,68,-0.14149999999999996,8585,16
797,12,73,-0.14149999999999996,8585,16
726,12,72,-0.14149999999999996,8585,16
700,56,71,-0.14190000000000003,8581,14
464,24,68,-0.14200000000000002,8580,16
863,6,74,-0.14259999999999995,8574,24
1232,77,78,-0.14280000000000004,8572,26
34,35,61,-0.14290000000000003,8571,16
424,50,67,-0.14300000000000002,8570,14
278,33,65,-0.1432,8568,16
912,55,74,-0.14329999999999998,8567,14
1374,64,80,-0.14349999999999996,8565,14
153,33,63,-0.14370000000000005,8563,16
563,56,69,-0.14390000000000003,8561,16
233,51,64,-0.14459999999999995,8554,14
232,50,64,-0.14459999999999995,8554,14
323,14,66,-0.1451,8549,16
1381,71,80,-0.1452,8548,14
94,35,62,-0.14539999999999997,8546,16
259,14,65,-0.14539999999999997,8546,16
108,49,62,-0.14549999999999996,8545,16
497,57,68,-0.14559999999999995,8544,16
304,59,65,-0.14559999999999995,8544,20
163,43,63,-0.14559999999999995,8544,16
105,46,62,-0.14580000000000004,8542,16
984,54,75,-0.14600000000000002,8540,14
1097,18,77,-0.14649999999999996,8535,16
1133,54,77,-0.14659999999999995,8534,14
985,55,75,-0.14659999999999995,8534,14
872,15,74,-0.14670000000000005,8533,16
167,47,63,-0.14670000000000005,8533,16
657,13,71,-0.14670000000000005,8533,16
429,55,67,-0.14680000000000004,8532,16
557,50,69,-0.1473,8527,14
231,49,64,-0.14780000000000004,8522,14
495,55,68,-0.14800000000000002,8520,16
558,51,69,-0.14800000000000002,8520,14
366,57,66,-0.14800000000000002,8520,18
213,31,64,-0.14800000000000002,8520,16
983,53,75,-0.1481,8519,14
1247,15,79,-0.1481,8519,16
560,53,69,-0.1483,8517,14
427,53,67,-0.1483,8517,14
155,35,63,-0.14839999999999998,8516,16
182,62,63,-0.14900000000000002,8510,24
730,16,72,-0.14959999999999996,8504,16
40,41,61,-0.14970000000000006,8503,16
841,56,73,-0.14990000000000003,8501,14
197,15,64,-0.15000000000000002,8500,16
1173,18,78,-0.15039999999999998,8496,16
302,57,65,-0.15039999999999998,8496,18
490,50,68,-0.15059999999999996,8494,14
871,14,74,-0.15080000000000005,8492,16
1388,78,80,-0.15100000000000002,8490,22
152,32,63,-0.1511,8489,16
729,15,72,-0.1513,8487,16
365,56,66,-0.15139999999999998,8486,16
974,44,75,-0.1521,8479,14
428,54,67,-0.15239999999999998,8476,14
101,42,62,-0.15259999999999996,8474,16
736,22,72,-0.15269999999999995,8473,16
691,47,71,-0.15269999999999995,8473,14
1050,46,76,-0.15269999999999995,8473,14
172,52,63,-0.15300000000000002,8470,18
1022,18,76,-0.15300000000000002,8470,16
334,25,66,-0.15359999999999996,8464,16
801,16,73,-0.15369999999999995,8463,16
169,49,63,-0.15410000000000001,8459,14
426,52,67,-0.1542,8458,14
104,45,62,-0.1543,8457,16
1304,72,79,-0.15469999999999995,8453,18
800,15,73,-0.15469999999999995,8453,16
294,49,65,-0.15500000000000003,8450,14
1121,42,77,-0.15510000000000002,8449,14
1122,43,77,-0.15510000000000002,8449,14
901,44,74,-0.1552,8448,14
555,48,69,-0.1552,8448,14
1023,19,76,-0.1552,8448,16
225,43,64,-0.1552,8448,16
625,50,70,-0.15539999999999998,8446,14
902,45,74,-0.15539999999999998,8446,14
877,20,74,-0.15549999999999997,8445,16
591,16,70,-0.15559999999999996,8444,16
338,29,66,-0.15569999999999995,8443,16
398,24,67,-0.15590000000000004,8441,16
1200,45,78,-0.15610000000000002,8439,14
806,21,73,-0.1562,8438,16
44,45,61,-0.15639999999999998,8436,16
945,15,75,-0.15669999999999995,8433,16
623,48,70,-0.15669999999999995,8433,14
1019,15,76,-0.15669999999999995,8433,16
106,47,62,-0.15680000000000005,8432,16
226,44,64,-0.15690000000000004,8431,16
692,48,71,-0.15700000000000003,8430,14
659,15,71,-0.1572,8428,16
935,5,75,-0.1572,8428,26
162,42,63,-0.15749999999999997,8425,16
556,49,69,-0.15780000000000005,8422,14
760,46,72,-0.15790000000000004,8421,14
301,56,65,-0.15859999999999996,8414,18
388,14,67,-0.15869999999999995,8413,16
1130,51,77,-0.15890000000000004,8411,14
1305,73,79,-0.15890000000000004,8411,18
335,26,66,-0.15890000000000004,8411,16
523,16,69,-0.15900000000000003,8410,16
1047,43,76,-0.1593,8407,14
154,34,63,-0.1594,8406,16
626,51,70,-0.1594,8406,14
530,23,69,-0.15949999999999998,8405,16
910,53,74,-0.15980000000000005,8402,14
839,54,73,-0.15980000000000005,8402,14
454,14,68,-0.15980000000000005,8402,16
946,16,75,-0.15990000000000004,8401,16
1056,52,76,-0.15990000000000004,8401,14
91,32,62,-0.16000000000000003,8400,16
93,34,62,-0.16010000000000002,8399,16
493,53,68,-0.1602,8398,14
522,15,69,-0.16059999999999997,8394,16
830,45,73,-0.16069999999999995,8393,14
950,20,75,-0.16090000000000004,8391,16
521,14,69,-0.1612,8388,16
975,45,75,-0.1613,8387,14
1094,15,77,-0.16149999999999998,8385,16
1124,45,77,-0.16159999999999997,8384,14
660,16,71,-0.16190000000000004,8381,16
948,18,75,-0.16190000000000004,8381,16
1057,53,76,-0.1624,8376,14
761,47,72,-0.16259999999999997,8374,14
831,46,73,-0.16259999999999997,8374,14
1375,65,80,-0.16279999999999994,8372,16
275,30,65,-0.16290000000000004,8371,16
1377,67,80,-0.16300000000000003,8370,16
658,14,71,-0.16310000000000002,8369,16
164,44,63,-0.1634,8366,16
666,22,71,-0.16369999999999996,8363,16
873,16,74,-0.16390000000000005,8361,16
32,33,61,-0.16410000000000002,8359,16
941,11,75,-0.1643,8357,20
389,15,67,-0.1643,8357,16
494,54,68,-0.1643,8357,14
1048,44,76,-0.1644,8356,14
905,48,74,-0.16449999999999998,8355,14
16,17,61,-0.16469999999999996,8353,16
216,34,64,-0.16469999999999996,8353,16
982,52,75,-0.16490000000000005,8351,14
1020,16,76,-0.16510000000000002,8349,16
936,6,75,-0.1652,8348,22
589,14,70,-0.16569999999999996,8343,16
1049,45,76,-0.16569999999999996,8343,14
1201,46,78,-0.16569999999999996,8343,14
456,16,68,-0.16569999999999996,8343,16
165,45,63,-0.16610000000000003,8339,16
92,33,62,-0.16620000000000001,8338,16
597,22,70,-0.16659999999999997,8334,16
241,59,64,-0.16659999999999997,8334,20
735,21,72,-0.16669999999999996,8333,16
103,44,62,-0.16690000000000005,8331,16
1277,45,79,-0.16710000000000003,8329,14
694,50,71,-0.16710000000000003,8329,14
1308,76,79,-0.16710000000000003,8329,22
624,49,70,-0.16720000000000002,8328,14
1378,68,80,-0.16749999999999998,8325,16
1055,51,76,-0.16779999999999995,8322,14
590,15,70,-0.16779999999999995,8322,18
1290,58,79,-0.16800000000000004,8320,14
904,47,74,-0.16820000000000002,8318,14
1021,17,76,-0.16820000000000002,8318,16
977,47,75,-0.1684,8316,14
102,43,62,-0.16849999999999998,8315,16
1367,57,80,-0.16869999999999996,8313,14
90,31,62,-0.16879999999999995,8312,16
492,52,68,-0.16900000000000004,8310,14
261,16,65,-0.16910000000000003,8309,16
1383,73,80,-0.1693,8307,18
363,54,66,-0.1694,8306,16
1198,43,78,-0.16959999999999997,8304,14
949,19,75,-0.16969999999999996,8303,16
727,13,72,-0.17020000000000002,8298,16
1275,43,79,-0.17020000000000002,8298,14
762,48,72,-0.1703,8297,14
274,29,65,-0.1704,8296,16
728,14,72,-0.17059999999999997,8294,16
764,50,72,-0.17069999999999996,8293,14
161,41,63,-0.17110000000000003,8289,16
198,16,64,-0.17110000000000003,8289,16
111,52,62,-0.17120000000000002,8288,18
876,19,74,-0.1713,8287,16
1197,42,78,-0.17149999999999999,8285,16
397,23,67,-0.17159999999999997,8284,16
1291,59,79,-0.17159999999999997,8284,14
903,46,74,-0.17190000000000005,8281,14
337,28,66,-0.17200000000000004,8280,16
1125,46,77,-0.17210000000000003,8279,14
75,16,62,-0.1724,8276,16
455,15,68,-0.1724,8276,16
1199,44,78,-0.1724,8276,14
100,41,62,-0.1725,8275,16
529,22,69,-0.17259999999999998,8274,16
171,51,63,-0.17320000000000002,8268,18
976,46,75,-0.17320000000000002,8268,14
1129,50,77,-0.17320000000000002,8268,14
763,49,72,-0.1734,8266,14
662,18,71,-0.1734,8266,16
41,42,61,-0.1735,8265,16
1376,66,80,-0.1735,8265,16
875,18,74,-0.1735,8265,16
45,46,61,-0.1735,8265,16
559,52,69,-0.1744,8256,14
273,28,65,-0.1745,8255,16
324,15,66,-0.17469999999999997,8253,16
1126,47,77,-0.17479999999999996,8252,14
805,20,73,-0.17479999999999996,8252,16
17,18,61,-0.17500000000000004,8250,16
137,17,63,-0.1754,8246,16
832,47,73,-0.17559999999999998,8244,14
1384,74,80,-0.17559999999999998,8244,18
336,27,66,-0.17579999999999996,8242,16
305,60,65,-0.17579999999999996,8242,24
166,46,63,-0.17620000000000002,8238,16
463,23,68,-0.1763,8237,16
332,23,66,-0.1764,8236,16
33,34,61,-0.17659999999999998,8234,16
1123,44,77,-0.17679999999999996,8232,14
390,16,67,-0.17710000000000004,8229,16
734,20,72,-0.1775,8225,16
31,32,61,-0.17759999999999998,8224,16
396,22,67,-0.17759999999999998,8224,16
175,55,63,-0.17789999999999995,8221,18
260,15,65,-0.17810000000000004,8219,16
699,55,71,-0.17830000000000001,8217,14
665,21,71,-0.1784,8216,16
870,13,74,-0.1784,8216,16
838,53,73,-0.1785,8215,14
593,18,70,-0.17900000000000005,8210,16
798,13,73,-0.17900000000000005,8210,16
943,13,75,-0.17920000000000003,8208,18
528,21,69,-0.17920000000000003,8208,16
1368,58,80,-0.1794,8206,14
112,53,62,-0.18010000000000004,8199,18
804,19,73,-0.1805,8195,16
799,14,73,-0.18069999999999997,8193,16
693,49,71,-0.18079999999999996,8192,14
52,53,61,-0.18100000000000005,8190,18
20,21,61,-0.18100000000000005,8190,16
462,22,68,-0.18120000000000003,8188,16
174,54,63,-0.18130000000000002,8187,18
909,52,74,-0.18189999999999995,8181,14
29,30,61,-0.18220000000000003,8178,16
834,49,73,-0.18230000000000002,8177,14
627,52,70,-0.18259999999999998,8174,14
1095,16,77,-0.18269999999999997,8173,16
46,47,61,-0.18279999999999996,8172,16
211,29,64,-0.18279999999999996,8172,16
1274,42,79,-0.18300000000000005,8170,14
42,43,61,-0.18300000000000005,8170,16
136,16,63,-0.18320000000000003,8168,16
562,55,69,-0.18320000000000003,8168,14
238,56,64,-0.1834,8166,18
19,20,61,-0.1834,8166,16
331,22,66,-0.18369999999999997,8163,16
243,61,64,-0.18369999999999997,8163,26
325,16,66,-0.18410000000000004,8159,16
202,20,64,-0.18410000000000004,8159,16
109,50,62,-0.18469999999999998,8153,18
235,53,64,-0.18469999999999998,8153,18
461,21,68,-0.18479999999999996,8152,16
239,57,64,-0.18500000000000005,8150,20
561,54,69,-0.18520000000000003,8148,14
212,30,64,-0.1856,8144,16
978,48,75,-0.18579999999999997,8142,14
803,18,73,-0.18600000000000005,8140,16
120,61,62,-0.18600000000000005,8140,22
733,19,72,-0.18600000000000005,8140,16
1306,74,79,-0.18620000000000003,8138,20
176,56,63,-0.18620000000000003,8138,20
1131,52,77,-0.1865,8135,14
333,24,66,-0.18669999999999998,8133,16
54,55,61,-0.18669999999999998,8133,20
151,31,63,-0.18679999999999997,8132,16
595,20,70,-0.18700000000000006,8130,16
266,21,65,-0.18720000000000003,8128,16
628,53,70,-0.18730000000000002,8127,14
592,17,70,-0.1876,8124,16
80,21,62,-0.18769999999999998,8123,16
664,20,71,-0.18769999999999998,8123,16
271,26,65,-0.18779999999999997,8122,16
30,31,61,-0.18789999999999996,8121,16
630,55,70,-0.18799999999999994,8120,14
1366,56,80,-0.18810000000000004,8119,14
208,26,64,-0.18820000000000003,8118,16
596,21,70,-0.18820000000000003,8118,16
833,48,73,-0.18830000000000002,8117,14
661,17,71,-0.1884,8116,16
906,49,74,-0.18889999999999996,8111,14
76,17,62,-0.18920000000000003,8108,16
696,52,71,-0.18969999999999998,8103,14
114,55,62,-0.18969999999999998,8103,20
79,20,62,-0.18979999999999997,8102,16
802,17,73,-0.18989999999999996,8101,16
237,55,64,-0.18999999999999995,8100,18
1051,47,76,-0.19030000000000002,8097,14
1202,47,78,-0.1904,8096,14
150,30,63,-0.1904,8096,16
1369,59,80,-0.19089999999999996,8091,14
210,28,64,-0.19179999999999997,8082,16
1288,56,79,-0.19189999999999996,8081,14
53,54,61,-0.19230000000000003,8077,18
55,56,61,-0.19240000000000002,8076,20
272,27,65,-0.1925,8075,16
269,24,65,-0.19289999999999996,8071,16
1128,49,77,-0.19299999999999995,8070,14
695,51,71,-0.19310000000000005,8069,14
1385,75,80,-0.19330000000000003,8067,20
697,53,71,-0.19330000000000003,8067,14
698,54,71,-0.19369999999999998,8063,14
203,21,64,-0.19369999999999998,8063,16
89,30,62,-0.19389999999999996,8061,16
170,50,63,-0.19399999999999995,8060,16
731,17,72,-0.19399999999999995,8060,16
835,50,73,-0.19499999999999995,8050,14
1171,16,78,-0.19520000000000004,8048,18
765,51,72,-0.19520000000000004,8048,14
236,54,64,-0.19530000000000003,8047,18
732,18,72,-0.19540000000000002,8046,16
981,51,75,-0.1955,8045,14
1054,50,76,-0.1956,8044,14
204,22,64,-0.1956,8044,16
947,17,75,-0.19569999999999999,8043,16
766,52,72,-0.19599999999999995,8040,14
173,53,63,-0.1965,8035,18
199,17,64,-0.19669999999999999,8033,16
18,19,61,-0.19669999999999999,8033,16
907,50,74,-0.19689999999999996,8031,14
268,23,65,-0.19689999999999996,8031,16
77,18,62,-0.19710000000000005,8029,16
836,51,73,-0.19789999999999996,8021,14
329,20,66,-0.19820000000000004,8018,16
265,20,65,-0.19820000000000004,8018,16
270,25,65,-0.19830000000000003,8017,16
78,19,62,-0.19840000000000002,8016,16
663,19,71,-0.19840000000000002,8016,16
146,26,63,-0.1986,8014,16
240,58,64,-0.19920000000000004,8008,20
1386,76,80,-0.19940000000000002,8006,20
141,21,63,-0.19940000000000002,8006,16
1372,62,80,-0.1995,8005,14
1387,77,80,-0.1997,8003,20
837,52,73,-0.1997,8003,14
207,25,64,-0.19989999999999997,8001,16
1203,48,78,-0.19999999999999996,8000,14
267,22,65,-0.20009999999999994,7999,16
140,20,63,-0.20040000000000002,7996,16
43,44,61,-0.20040000000000002,7996,16
26,27,61,-0.2007,7993,16
179,59,63,-0.20089999999999997,7991,22
86,27,62,-0.20089999999999997,7991,16
21,22,61,-0.20099999999999996,7990,16
209,27,64,-0.20109999999999995,7989,16
149,29,63,-0.20120000000000005,7988,16
394,20,67,-0.20130000000000003,7987,16
594,19,70,-0.20140000000000002,7986,16
768,54,72,-0.2016,7984,14
110,51,62,-0.20179999999999998,7982,18
1307,75,79,-0.20199999999999996,7980,20
526,19,69,-0.20209999999999995,7979,16
139,19,63,-0.20209999999999995,7979,16
1052,48,76,-0.20320000000000005,7968,14
201,19,64,-0.20350000000000001,7965,16
28,29,61,-0.20350000000000001,7965,16
527,20,69,-0.20350000000000001,7965,16
1371,61,80,-0.20389999999999997,7961,14
391,17,67,-0.20420000000000005,7958,16
1354,44,80,-0.20450000000000002,7955,12
1373,63,80,-0.2046,7954,14
395,21,67,-0.2047,7953,16
87,28,62,-0.20499999999999996,7950,16
1289,57,79,-0.20520000000000005,7948,14
1365,55,80,-0.20520000000000005,7948,12
22,23,61,-0.20550000000000002,7945,16
524,17,69,-0.20579999999999998,7942,16
457,17,68,-0.20579999999999998,7942,16
330,21,66,-0.20579999999999998,7942,16
113,54,62,-0.20630000000000004,7937,18
393,19,67,-0.20640000000000003,7936,16
148,28,63,-0.20679999999999998,7932,16
147,27,63,-0.20730000000000004,7927,16
85,26,62,-0.2076,7924,16
143,23,63,-0.2076,7924,16
25,26,61,-0.20799999999999996,7920,16
138,18,63,-0.20799999999999996,7920,16
180,60,63,-0.20799999999999996,7920,26
177,57,63,-0.20820000000000005,7918,20
459,19,68,-0.20830000000000004,7917,16
27,28,61,-0.20830000000000004,7917,16
874,17,74,-0.20950000000000002,7905,16
908,51,74,-0.20989999999999998,7901,14
767,53,72,-0.21030000000000004,7897,14
145,25,63,-0.21109999999999995,7889,16
51,52,61,-0.21130000000000004,7887,18
1309,77,79,-0.21189999999999998,7881,22
629,54,70,-0.21240000000000003,7876,14
460,20,68,-0.2126,7874,16
205,23,64,-0.2127,7873,16
116,57,62,-0.2128,7872,20
979,49,75,-0.21350000000000002,7865,14
50,51,61,-0.21430000000000005,7857,18
1370,60,80,-0.21440000000000003,7856,14
81,22,62,-0.2146,7854,16
1211,56,78,-0.21499999999999997,7850,14
84,25,62,-0.21509999999999996,7849,16
88,29,62,-0.2156,7844,16
115,56,62,-0.2156,7844,20
264,19,65,-0.21609999999999996,7839,16
525,18,69,-0.21630000000000005,7837,16
49,50,61,-0.2168,7832,18
980,50,75,-0.21689999999999998,7831,14
142,22,63,-0.21830000000000005,7817,16
82,23,62,-0.21950000000000003,7805,16
458,18,68,-0.21999999999999997,7800,16
200,18,64,-0.22030000000000005,7797,16
144,24,63,-0.22060000000000002,7794,16
117,58,62,-0.22089999999999999,7791,22
328,19,66,-0.22140000000000004,7786,16
23,24,61,-0.22140000000000004,7786,16
263,18,65,-0.22150000000000003,7785,16
1053,49,76,-0.2219,7781,14
24,25,61,-0.22199999999999998,7780,16
181,61,63,-0.22219999999999995,7778,26
1127,48,77,-0.2227,7773,14
178,58,63,-0.22399999999999998,7760,20
59,60,61,-0.2249,7751,22
206,24,64,-0.22499999999999998,7750,16
262,17,65,-0.22619999999999996,7738,16
119,60,62,-0.22619999999999996,7738,26
326,17,66,-0.22629999999999995,7737,16
327,18,66,-0.22660000000000002,7734,16
1352,42,80,-0.22760000000000002,7724,12
1287,55,79,-0.22909999999999997,7709,12
57,58,61,-0.23160000000000003,7684,22
392,18,67,-0.2329,7671,16
1353,43,80,-0.23409999999999997,7659,12
56,57,61,-0.2348,7652,22
58,59,61,-0.23619999999999997,7638,24
242,60,64,-0.23709999999999998,7629,24
83,24,62,-0.23829999999999996,7617,16
1364,54,80,-0.239,7610,12
1362,52,80,-0.24229999999999996,7577,12
1210,55,78,-0.24450000000000005,7555,12
1286,54,79,-0.2481,7519,12
1357,47,80,-0.2491,7509,12
1279,47,79,-0.2512,7488,12
1355,45,80,-0.25170000000000003,7483,12
1363,53,80,-0.25660000000000005,7434,12
118,59,62,-0.25680000000000003,7432,26
1206,51,78,-0.2583,7417,12
1205,50,78,-0.26270000000000004,7373,12
1358,48,80,-0.2632,7368,12
1280,48,79,-0.2632,7368,12
1208,53,78,-0.2643,7357,12
1283,51,79,-0.2653,7347,12
1356,46,80,-0.2653,7347,12
1281,49,79,-0.26559999999999995,7344,12
1278,46,79,-0.2679,7321,12
1204,49,78,-0.2682,7318,12
1360,50,80,-0.26990000000000003,7301,12
1285,53,79,-0.271,7290,12
1209,54,78,-0.2712,7288,12
1359,49,80,-0.27470000000000006,7253,12
1282,50,79,-0.27749999999999997,7225,12
1207,52,78,-0.27990000000000004,7201,12
1361,51,80,-0.28,7200,12
1284,52,79,-0.3025,6975,12
